ID_Item,Nombre,ID_Categoria,ID_Perfil_Precio_Override,ID_Perfil_Init_Override,Default_Glosa,Activo,Updated_At
ITEM_SALON_CHINOOK_USO_DIURNO_HASTA_320_PERSONAS,"Salon Chinook uso diurno, hasta 320 personas",CAT_ARRIENDO_DE_SALONES_AUDIOS_Y_COMEDORES,PROF_SALON_CHINOOK_USO_DIURNO_HASTA_320_PERSONAS,,"Equipado con papelógrafo, aire acondicionado y calefacción, 8 h Día. Incluye arranque trifasico para productoras (Definir montaje)",true,2026-02-19T16:42:08.795Z
ITEM_SALON_COHO_USO_DIURNO_HASTA_120_PERSONAS,"Salon Coho uso diurno, hasta 120 personas",CAT_ARRIENDO_DE_SALONES_AUDIOS_Y_COMEDORES,PROF_SALON_COHO_USO_DIURNO_HASTA_120_PERSONAS,,"Equipado con papelógrafo, aire acondicionado y calefacción, 8 h Día. ( Definir montaje)",true,2026-02-19T16:42:08.795Z
ITEM_SALON_FARIO_USO_DIURNO_HASTA_70_PERSONAS,"Salon Fario uso diurno, hasta 70 personas",CAT_ARRIENDO_DE_SALONES_AUDIOS_Y_COMEDORES,PROF_SALON_FARIO_USO_DIURNO_HASTA_70_PERSONAS,,"Equipado con papelógrafo, aire acondicionado y calefacción, 8 h Día. ( Definir montaje)",true,2026-02-19T16:42:08.795Z
ITEM_SALON_ARCOIRIS_USO_DIURNO_HASTA_70_PERSONAS,"Salón Arcoiris uso diurno, hasta 70 personas",CAT_ARRIENDO_DE_SALONES_AUDIOS_Y_COMEDORES,PROF_SALON_ARCOIRIS_USO_DIURNO_HASTA_70_PERSONAS,,"Equipado con papelógrafo, aire acondicionado y calefacción, 8 h Día. ( Definir montaje)",true,2026-02-19T16:42:08.795Z
ITEM_DIRECTORIO_USO_DIURNO_PARA_16_PERSONAS_MESA_IMPERIAL,"Directorio uso diurno para 16 personas, mesa imperial",CAT_ARRIENDO_DE_SALONES_AUDIOS_Y_COMEDORES,PROF_DIRECTORIO_USO_DIURNO_PARA_16_PERSONAS_MESA_IMPERIAL,,"Equipado con TV, papelógrafo, aire acondicionado y calefacción, 8 h Día.",true,2026-02-19T16:42:08.795Z
ITEM_DOMO_PARA_240_PERSONAS,Domo para 240 personas,CAT_ARRIENDO_DE_SALONES_AUDIOS_Y_COMEDORES,PROF_DOMO_PARA_240_PERSONAS,,Domo rústico incluye arranque trifasico para productoras.,true,2026-02-19T16:42:08.795Z
ITEM_CAMBIOS_DE_MONTAJE_CHINOOK_DURANTE_EL_ARRIENDO_DE_SALON,Cambios de montaje  Chinook durante el arriendo de salon.,CAT_ARRIENDO_DE_SALONES_AUDIOS_Y_COMEDORES,PROF_CAMBIOS_DE_MONTAJE_CHINOOK_DURANTE_EL_ARRIENDO_DE_SALON,,Cambio de montaje durante la jornada de trabajo,true,2026-02-19T16:42:08.795Z
ITEM_CAMBIOS_DE_MONTAJE_COHO_DURANTE_EL_ARRIENDO_DE_SALON,Cambios de montaje Coho durante el arriendo de salon.,CAT_ARRIENDO_DE_SALONES_AUDIOS_Y_COMEDORES,PROF_CAMBIOS_DE_MONTAJE_COHO_DURANTE_EL_ARRIENDO_DE_SALON,,Cambio de montaje durante la jornada de trabajo,true,2026-02-19T16:42:08.795Z
ITEM_CAMBIOS_DE_MONTAJE_FARIOS_Y_ARCOIRIS_DURANTE_EL_ARRIENDO_DE_SALON,Cambios de montaje  Farios y Arcoiris durante el arriendo de salon.,CAT_ARRIENDO_DE_SALONES_AUDIOS_Y_COMEDORES,PROF_CAMBIOS_DE_MONTAJE_FARIOS_Y_ARCOIRIS_DURANTE_EL_ARRIENDO_DE_SALON,,Cambio de montaje durante la jornada de trabajo,true,2026-02-19T16:42:08.795Z
ITEM_COMEDOR_VIP_Y_TERRAZA_2DO_PISO_PARA_80_PERSONAS_8_HORAS_USO_DIURNO,Comedor VIP y terraza (2do piso) para 80 personas 8 horas uso diurno,CAT_ARRIENDO_DE_SALONES_AUDIOS_Y_COMEDORES,PROF_COMEDOR_VIP_Y_TERRAZA_2DO_PISO_PARA_80_PERSONAS_8_HORAS_USO_DIURNO,,Comedor en 2do piso con terraza para servicios de alimentacion exclusivos. Posee una terraza exclusiva.,true,2026-02-19T16:42:08.795Z
ITEM_COMEDOR_TRUCHITA_O_EX_POOL_Y_TERRAZA_PARA_35_PERSONAS_8_HORAS_USO_DIURNO,"Comedor truchita o ex pool y terraza para 35 personas, 8 horas uso diurno",CAT_ARRIENDO_DE_SALONES_AUDIOS_Y_COMEDORES,PROF_COMEDOR_TRUCHITA_O_EX_POOL_Y_TERRAZA_PARA_35_PERSONAS_8_HORAS_USO_DIURNO,,Comedor exclusivo para maximo  35 personas,true,2026-02-19T16:42:08.795Z
ITEM_ARRIENDO_PERGOLA_CON_PARRILLA_PARA_16_PERSONAS_8_HORAS_USO_DIURNO,"Arriendo pergola con parrilla para 16 personas, 8 horas uso diurno",CAT_ARRIENDO_DE_SALONES_AUDIOS_Y_COMEDORES,PROF_ARRIENDO_PERGOLA_CON_PARRILLA_PARA_16_PERSONAS_8_HORAS_USO_DIURNO,,Pergola exclusiva con parrilla,true,2026-02-19T16:42:08.795Z
ITEM_COMEDOR_VIP_Y_TERRAZA_2DO_PISO_PARA_70_PERSONAS_1_5_HRS_AM_O_PM_ALMUERZO_O_CENA,"Comedor VIP y terraza (2do piso) para 70 personas 1,5 hrs / AM O PM (ALMUERZO O CENA)",CAT_ARRIENDO_DE_SALONES_AUDIOS_Y_COMEDORES,PROF_COMEDOR_VIP_Y_TERRAZA_2DO_PISO_PARA_70_PERSONAS_1_5_HRS_AM_O_PM_ALMUERZO_O_CENA,,Comedor en 2do piso con terraza para servicios de alimentacion exclusivos. Posee una terraza exclusiva.,true,2026-02-19T16:42:08.795Z
ITEM_COMEDOR_TRUCHITA_O_EX_POOL_Y_TERRAZA_PARA_35_PERSONAS_1_5_HORAS_AM_O_PM_ALMUERZO_O_CENA,"Comedor truchita o ex pool y terraza para 35 personas 1,5 horas / AM O PM (ALMUERZO O CENA)",CAT_ARRIENDO_DE_SALONES_AUDIOS_Y_COMEDORES,PROF_COMEDOR_TRUCHITA_O_EX_POOL_Y_TERRAZA_PARA_35_PERSONAS_1_5_HORAS_AM_O_PM_ALMUERZO_O_CENA,,Comedor exclusivo para maximo  35 personas,true,2026-02-19T16:42:08.795Z
ITEM_ARRIENDO_PERGOLA_CON_PARRILLA_PARA_16_PERSONAS_4_HORAS,"Arriendo pergola con parrilla para 16 personas, 4 horas",CAT_ARRIENDO_DE_SALONES_AUDIOS_Y_COMEDORES,PROF_ARRIENDO_PERGOLA_CON_PARRILLA_PARA_16_PERSONAS_4_HORAS,,Pergola exclusiva con parrilla,true,2026-02-19T16:42:08.795Z
ITEM_ARRIENDO_PERGOLA_PICADERO_SOLO_CON_AUTORIZACION_2_DIAS_ANTES,"Arriendo pergola picadero solo con autorizacion, 2 dias antes.",CAT_ARRIENDO_DE_SALONES_AUDIOS_Y_COMEDORES,PROF_ARRIENDO_PERGOLA_PICADERO_SOLO_CON_AUTORIZACION_2_DIAS_ANTES,,Arriendo por una pergola techada en el sector del picadero.,true,2026-02-19T16:42:08.795Z
ITEM_TECNICA_PARA_SALONES_USO_DIURNO,Tecnica para salones uso diurno.,CAT_ARRIENDO_DE_SALONES_AUDIOS_Y_COMEDORES,PROF_TECNICA_PARA_SALONES_USO_DIURNO,,"Data, amplificacion, 2 microfonos para uso en el dia.",true,2026-02-19T16:42:08.795Z
ITEM_AUDIO_4_HORAS_EN_LA_NOCHE,Audio 4 horas en la noche,CAT_ARRIENDO_DE_SALONES_AUDIOS_Y_COMEDORES,PROF_AUDIO_4_HORAS_EN_LA_NOCHE,,"Data, amplificacion, 2 microfonos para uso noche.",true,2026-02-19T16:42:08.795Z
ITEM_AMPLIFICACION_EXTERIOR,Amplificacion exterior,CAT_ARRIENDO_DE_SALONES_AUDIOS_Y_COMEDORES,PROF_AMPLIFICACION_EXTERIOR,,2 parlantes con microfono ubicado en exteriores cercanos a algun punto electrico.,true,2026-02-19T16:42:08.795Z
ITEM_MICROFONO_INALAMBRICO_ADICIONAL,Microfono inalambrico adicional,CAT_ARRIENDO_DE_SALONES_AUDIOS_Y_COMEDORES,PROF_MICROFONO_INALAMBRICO_ADICIONAL,,,true,2026-02-19T16:42:08.795Z
ITEM_MICROFONO_SOLAPA_ADICIONAL,Microfono solapa adicional,CAT_ARRIENDO_DE_SALONES_AUDIOS_Y_COMEDORES,PROF_MICROFONO_SOLAPA_ADICIONAL,,,true,2026-02-19T16:42:08.795Z
ITEM_OPERADOR_PARA_AUDIO_8_HRS,Operador para audio 8 hrs,CAT_ARRIENDO_DE_SALONES_AUDIOS_Y_COMEDORES,PROF_OPERADOR_PARA_AUDIO_8_HRS,,Operador de audio para salon diurno. Se debe agregar tecnica que desee operar.,true,2026-02-19T16:42:08.795Z
ITEM_PAPELOGRAFO_ADICIONAL_PARA_EL_SALON,Papelografo adicional para el salon,CAT_ARRIENDO_DE_SALONES_AUDIOS_Y_COMEDORES,PROF_PAPELOGRAFO_ADICIONAL_PARA_EL_SALON,,Total en el hotel 8,true,2026-02-19T16:42:08.795Z
ITEM_COFFEE_BASICO,Coffee Básico,CAT_COFFES_Y_SERVICIOS_RELACIONADO_A_SALONES,PROF_COFFEE_BASICO,,"Café, té, agua, jugo de pulpa, 1 tapadito, 1 top de masa de hoja+ 1 mini muffin o 1 galleta",true,2026-02-19T16:42:08.795Z
ITEM_COFFEE_INTERMEDIO,Coffee Intermedio,CAT_COFFES_Y_SERVICIOS_RELACIONADO_A_SALONES,PROF_COFFEE_INTERMEDIO,,"Café, té, agua, jugo de pulpa, 1 tapadito, 1 mini muffin, 1 facturita, 1 galleta y  una fruta.",true,2026-02-19T16:42:08.795Z
ITEM_COFFE_FULL,Coffe Full,CAT_COFFES_Y_SERVICIOS_RELACIONADO_A_SALONES,PROF_COFFE_FULL,,"Café de grano, té, jugo de pulpa, 2 tapaditos, 2 mini muffin , 2 galletas, 1 facturita y una brocheta de fruta.",true,2026-02-19T16:42:08.795Z
ITEM_COFFE_LIGHT,Coffe Light,CAT_COFFES_Y_SERVICIOS_RELACIONADO_A_SALONES,PROF_COFFE_LIGHT,,"Café, té, agua, jugo de pulpa, yogurt natural con granola y fruta, 1 tapadito integral, una brocheta de fruta",true,2026-02-19T16:42:08.795Z
ITEM_ADICIONAR_COFFE_DENTRO_DEL_SALON,Adicionar coffe dentro del Salon,CAT_COFFES_Y_SERVICIOS_RELACIONADO_A_SALONES,PROF_ADICIONAR_COFFE_DENTRO_DEL_SALON,,Servicios de coffe ubicados dentro del salon.,true,2026-02-19T16:42:08.795Z
ITEM_MAQUINA_CAFE_MILANO_CON_CARGA_PARA_120_CAFES_APP_AUTOSERVICIO,Maquina Cafe Milano con carga para 120 cafes app. ( autoservicio),CAT_COFFES_Y_SERVICIOS_RELACIONADO_A_SALONES,PROF_MAQUINA_CAFE_MILANO_CON_CARGA_PARA_120_CAFES_APP_AUTOSERVICIO,,"Maquina auto servicio que entrega app. 120 unidades entre Cafe, capuchinos, mocachino, late, expresos, americano, agua caliente chocolate.",true,2026-02-19T16:42:08.795Z
ITEM_1_TAPADITO,1 tapadito,CAT_COFFES_Y_SERVICIOS_RELACIONADO_A_SALONES,PROF_1_TAPADITO,,,true,2026-02-19T16:42:08.795Z
ITEM_1_MEDIALUNA,1 medialuna,CAT_COFFES_Y_SERVICIOS_RELACIONADO_A_SALONES,PROF_1_MEDIALUNA,,,true,2026-02-19T16:42:08.795Z
ITEM_GALLETAS_DE_MANTEQUILLA_3_POR_PERSONA,Galletas de mantequilla  3 por persona,CAT_COFFES_Y_SERVICIOS_RELACIONADO_A_SALONES,PROF_GALLETAS_DE_MANTEQUILLA_3_POR_PERSONA,,,true,2026-02-19T16:42:08.795Z
ITEM_CAFE_DE_GRANO_O_TE_EN_SALON_8_HRS,Cafe de grano o te en salon 8 hrs,CAT_COFFES_Y_SERVICIOS_RELACIONADO_A_SALONES,PROF_CAFE_DE_GRANO_O_TE_EN_SALON_8_HRS,,valor por persona,true,2026-02-19T16:42:08.795Z
ITEM_DISPENSADOR_DE_AGUA_20_LTS_EN_SALON,Dispensador de agua 20 Lts en salon,CAT_COFFES_Y_SERVICIOS_RELACIONADO_A_SALONES,PROF_DISPENSADOR_DE_AGUA_20_LTS_EN_SALON,,Dispensador de agua  20 lts con vasos en salón,true,2026-02-19T16:42:08.795Z
ITEM_RECARGA_DE_BIDON_DE_20_LTS_PARA_DISPENSADOR_DE_AGUA,Recarga de bidon de 20 Lts para dispensador de agua,CAT_COFFES_Y_SERVICIOS_RELACIONADO_A_SALONES,PROF_RECARGA_DE_BIDON_DE_20_LTS_PARA_DISPENSADOR_DE_AGUA,,Recarga de bidon de agua de 20 litros y vasos.,true,2026-02-19T16:42:08.795Z
ITEM_CAFE_DE_GRANO_TE_Y_AGUA_FRIA_CALIENTE_EN_SALON_POR_8_HORAS,"Cafe de grano, te y agua fria /caliente en salon  por 8 horas.",CAT_COFFES_Y_SERVICIOS_RELACIONADO_A_SALONES,PROF_CAFE_DE_GRANO_TE_Y_AGUA_FRIA_CALIENTE_EN_SALON_POR_8_HORAS,,valor por persona,true,2026-02-19T16:42:08.795Z
ITEM_LUCES_PERIMETRALES_SALON_CHINOOK_O_VIP,Luces perimetrales salon chinook o vip,CAT_SERVICIOS_PARA_FIESTAS,PROF_LUCES_PERIMETRALES_SALON_CHINOOK_O_VIP,,12 Luces decorativas perimetrales para una fiesta o karaoke.,true,2026-02-19T16:42:08.795Z
ITEM_DJ_Y_O_KARAOKE_POR_4_HRS_PARA_GRUPOS_MENORES_50_PAX,DJ y/o Karaoke por 4 hrs para grupos menores 50 Pax,CAT_SERVICIOS_PARA_FIESTAS,PROF_DJ_Y_O_KARAOKE_POR_4_HRS_PARA_GRUPOS_MENORES_50_PAX,,"Dj y karaoke por 4 horas,( agregar salon)",true,2026-02-19T16:42:08.795Z
ITEM_HORA_EXTRA_DJ_Y_O_KARAOKE_POR_4_HRS_PARA_GRUPOS_MENORES_50_PAX,Hora extra DJ y/o Karaoke por 4 hrs para grupos menores 50 Pax,CAT_SERVICIOS_PARA_FIESTAS,PROF_HORA_EXTRA_DJ_Y_O_KARAOKE_POR_4_HRS_PARA_GRUPOS_MENORES_50_PAX,,hora extra,true,2026-02-19T16:42:08.795Z
ITEM_DJ_Y_O_KARAOKE_PARA_GRUPOS_MAYORES_A_50_PAX,DJ y/o Karaoke para grupos mayores a 50 Pax,CAT_SERVICIOS_PARA_FIESTAS,PROF_DJ_Y_O_KARAOKE_PARA_GRUPOS_MAYORES_A_50_PAX,,"Dj y karaoke por 4 horas,( agregar salon)",true,2026-02-19T16:42:08.795Z
ITEM_HORA_EXTRA_DJ_Y_O_KARAOKE_PARA_GRUPOS_MAYORES_A_50_PAX,Hora extra DJ y/o Karaoke para grupos mayores a 50 Pax,CAT_SERVICIOS_PARA_FIESTAS,PROF_HORA_EXTRA_DJ_Y_O_KARAOKE_PARA_GRUPOS_MAYORES_A_50_PAX,,hora extra,true,2026-02-19T16:42:08.795Z
ITEM_SALON_CHINOOK_CON_FOGATA_HASTA_300_PERSONAS_4_HORAS_NOCHE,"Salon chinook con fogata, hasta 300 personas, 4 horas noche",CAT_SERVICIOS_PARA_FIESTAS,PROF_SALON_CHINOOK_CON_FOGATA_HASTA_300_PERSONAS_4_HORAS_NOCHE,,Salon para fiestas y karaokes con terraza exclusiva . Incluye fogata en terraza y tiene arranque trifasico para productoras,true,2026-02-19T16:42:08.795Z
ITEM_SALON_CHINOOK_CON_FOGATA_HASTA_300_PERSONAS,"Salon chinook con fogata, hasta 300 personas",CAT_SERVICIOS_PARA_FIESTAS,PROF_SALON_CHINOOK_CON_FOGATA_HASTA_300_PERSONAS,,Salon para fiestas y karaokes con terraza exclusiva . Incluye fogata en terraza y tiene arranque trifasico para productoras.,true,2026-02-19T16:42:08.795Z
ITEM_COMEDOR_VIP_CON_FOGATA_2_PISO_HASTA_70_PERSONAS_4_HORAS_NOCHE,"Comedor VIP con fogata, 2 piso hasta 70 personas, 4 horas noche",CAT_SERVICIOS_PARA_FIESTAS,PROF_COMEDOR_VIP_CON_FOGATA_2_PISO_HASTA_70_PERSONAS_4_HORAS_NOCHE,,"Comedor en 2do piso con terraza para fiestas o Karaokes exclusivos, incluye fogata en terraza",true,2026-02-19T16:42:08.795Z
ITEM_COMEDOR_VIP_CON_FOGATA_2_PISO_HASTA_70_PERSONAS,"Comedor VIP con fogata, 2 piso hasta 70 personas",CAT_SERVICIOS_PARA_FIESTAS,PROF_COMEDOR_VIP_CON_FOGATA_2_PISO_HASTA_70_PERSONAS,,Comedor en 2do piso con terraza para servicios de alimentacion exclusivos. Posee una terraza exclusiva.,true,2026-02-19T16:42:08.795Z
ITEM_ESPACIO_DEL_BAR_PARA_KARAOKE_HASTA_50_PERSONAS_POR_4_HRS_NOCHE,"Espacio del Bar para karaoke, hasta 50 personas por 4 hrs noche",CAT_SERVICIOS_PARA_FIESTAS,PROF_ESPACIO_DEL_BAR_PARA_KARAOKE_HASTA_50_PERSONAS_POR_4_HRS_NOCHE,,Espacio del bar principal del hotel para la realizacion de karaokes,true,2026-02-19T16:42:08.795Z
ITEM_DOMO_PARA_FIESTAS_CON_FOGATA_HASTA_250_PERSONAS_4_HORAS_NOCHE,"Domo para fiestas con fogata, hasta 250 personas, 4 horas noche",CAT_SERVICIOS_PARA_FIESTAS,PROF_DOMO_PARA_FIESTAS_CON_FOGATA_HASTA_250_PERSONAS_4_HORAS_NOCHE,,Domo para fiestas y karaokes con amplios jardines.Incluye fogata y tiene arranque trifasico para productoras.,true,2026-02-19T16:42:08.795Z
ITEM_LOUNGE_EN_TERRAZAS_SILLONES_MESAS_Y_FOGONES_HASTA_50_PAX_VALOR_PERSONA,"Lounge en terrazas (sillones, mesas y fogones), hasta 50 pax. Valor  persona",CAT_SERVICIOS_PARA_FIESTAS,PROF_LOUNGE_EN_TERRAZAS_SILLONES_MESAS_Y_FOGONES_HASTA_50_PAX_VALOR_PERSONA,PI_1_PER_PAX,"Lugares: Terraza chinook, terraza comedor  chico( ex pool), terraza comedor 2do piso y Domo. Valor por persona",true,2026-02-19T16:42:08.795Z
ITEM_TICKET_DE_TRAGO,Ticket de trago,CAT_BEBIDAS_Y_BAR,PROF_TICKET_DE_TRAGO,,"1 trago pp a escoger entre: Piscola ( Mistral 35), Roncola (Havanna),  vodka (wyborowa), Whisky( Ballantines finest 3 años), Gin beefeter, Ramazzotti,  Daiquiri, Pisco sour, Kir Royal, Piña Colada con y sin alcohol, Copa de vino castillo molina( blanco y tinto) , copa de espumante Viña Mar Brut, cervezas en botella tales como Sol, Heineken con y sin alcohol,  Austral y Kunstmann. Las bebidas son de marcas CCU.",true,2026-02-19T16:42:08.795Z
ITEM_TICKET_DE_CERVEZA,Ticket de cerveza,CAT_BEBIDAS_Y_BAR,PROF_TICKET_DE_CERVEZA,,"Ticket de cerveza en botella tales como: Sol, Heineken, Austral o Kunstmann.",true,2026-02-19T16:42:08.795Z
ITEM_TICKET_DE_TRAGO_VIP,Ticket de trago Vip,CAT_BEBIDAS_Y_BAR,PROF_TICKET_DE_TRAGO_VIP,,"Piscola ( Mistral Nobel o 3R doble destilado), Roncola (Havanna reserva), Vodka( Absolut), Whisky (ballantines 7 años),Gin Kantal, Tequila Olmeca, Ramazzotti,  Daiquiri, Pisco sour, Kir Royal, Piña Colada, Vino  Gran Tarapacá( blanco y tinto) , Espumante Viña Mar Brut, cervezas en botella tales como Sol, Heineken,  Austral, Kunstmann botella y Barril Schop Kunstmann. Las bebidas son de marcas CCU.",true,2026-02-19T16:42:08.795Z
ITEM_BAR_ABIERTO_4_HORAS_VALOR_POR_PERSONA,"Bar abierto 4 horas, valor por persona",CAT_BEBIDAS_Y_BAR,PROF_BAR_ABIERTO_4_HORAS_VALOR_POR_PERSONA,,"Piscola ( Mistra 35), Roncola (Havanna),  vodka (wyborowa), Whisky( Ballantines finest 3 años), Gin beefeter, Ramazzotti,  Daiquiri, Pisco sour, Kir Royal, Piña Colada( con y sin alcohol), Copa de vino castillo molina( blanco y tinto) , copa de espumante Viña Mar Brut, cervezas en botella tales como Sol, Heineken con y sin alcohol,  Austral y Kunstmann. Las bebidas son de marcas CCU.",true,2026-02-19T16:42:08.795Z
ITEM_HORA_EXTRA_BAR_ABIERTO_POR_PERSONA,Hora extra Bar abierto por persona,CAT_BEBIDAS_Y_BAR,PROF_HORA_EXTRA_BAR_ABIERTO_POR_PERSONA,,extensión de 1 hora para el bar abierto,true,2026-02-19T16:42:08.795Z
ITEM_BAR_ABIERTO_SIN_ALCOHOL_4_HORAS_VALOR_POR_PERSONA,"Bar abierto sin alcohol 4 horas, valor por persona",CAT_BEBIDAS_Y_BAR,PROF_BAR_ABIERTO_SIN_ALCOHOL_4_HORAS_VALOR_POR_PERSONA,,"Mocktails tales como Piña colada, Chardonnay sour , San Francisco (Mocktail en base a jugo de naranja), Paloma (Mocktail en base a pomelo), Cerveza sin alcohol (Heineken 0.0), Limonada, Jugos naturales, Vino blanco sin alcohol, Sangria sin alcohol. Las bebidas son de marcas CCU.",true,2026-02-19T16:42:08.795Z
ITEM_HORA_EXTRA_BAR_ABIERTO_SIN_ALCOHOL_POR_PERSONA,Hora extra Bar abierto sin alcohol por persona,CAT_BEBIDAS_Y_BAR,PROF_HORA_EXTRA_BAR_ABIERTO_SIN_ALCOHOL_POR_PERSONA,,extensión de 1 hora para el bar abierto,true,2026-02-19T16:42:08.795Z
ITEM_BAR_ABIERTO_VIP_4_HORAS_VALOR_POR_PERSONA,"Bar abierto VIP  4 horas, valor por persona",CAT_BEBIDAS_Y_BAR,PROF_BAR_ABIERTO_VIP_4_HORAS_VALOR_POR_PERSONA,,"Piscola ( Mistral Nobel o 3R doble destilado), Roncola (Havanna reserva), Vodka( Absolut), Whisky (ballantines 7 años),Gin Kantal, Tequila Olmeca, Ramazzotti,  Daiquiri, Pisco sour, Kir Royal, Piña Colada, Vino  Gran Tarapacá( blanco y tinto) , Espumante Viña Mar Brut, cervezas en botella tales como Sol, Heineken,  Austral, Kunstmann botella y Barril Schop Kunstmann. Las bebidas son de marcas CCU.",true,2026-02-19T16:42:08.795Z
ITEM_HORA_EXTRA_BAR_ABIERTO_VIP_POR_PERSONA,Hora extra Bar abierto Vip por persona,CAT_BEBIDAS_Y_BAR,PROF_HORA_EXTRA_BAR_ABIERTO_VIP_POR_PERSONA,,extensión de 1 hora para el bar abierto,true,2026-02-19T16:42:08.795Z
ITEM_BAR_ABIERTO_DE_BEBIDAS_EN_VASO_POR_4_HORAS_POR_PERSONA,"Bar Abierto de bebidas en vaso por 4 horas, por persona",CAT_BEBIDAS_Y_BAR,PROF_BAR_ABIERTO_DE_BEBIDAS_EN_VASO_POR_4_HORAS_POR_PERSONA,,Botellas de 3 litros CCU servido en vaso desechable (ver tamaño),true,2026-02-19T16:42:08.795Z
ITEM_BAR_ABIERTO_DE_BEBIDAS_EN_VASO_POR_8_HORAS_POR_PERSONA,"Bar Abierto de bebidas en vaso por 8 horas, por persona",CAT_BEBIDAS_Y_BAR,PROF_BAR_ABIERTO_DE_BEBIDAS_EN_VASO_POR_8_HORAS_POR_PERSONA,,Botellas de 3 litros CCU servido en vaso desechable (ver tamaño),true,2026-02-19T16:42:08.795Z
ITEM_BEBIDAS,Bebidas,CAT_BEBIDAS_Y_BAR,PROF_BEBIDAS,,Lata de bebida o agua  ccu,true,2026-02-19T16:42:08.795Z
ITEM_TICKET_DE_BEBIDA_O_AGUA,Ticket de bebida o agua,CAT_BEBIDAS_Y_BAR,PROF_TICKET_DE_BEBIDA_O_AGUA,,Lata de bebida o agua ccu,true,2026-02-19T16:42:08.795Z
ITEM_BARRIL_DE_CERVEZA_KUNTSMAN_TOROBAYO_30L,Barril de cerveza kuntsman torobayo 30L,CAT_BEBIDAS_Y_BAR,PROF_BARRIL_DE_CERVEZA_KUNTSMAN_TOROBAYO_30L,,Barril de cerveza torobayo exclusivo,true,2026-02-19T16:42:08.795Z
ITEM_BEBESTIBLES_ADICIONALES_EN_SALON_BEBIDAS_JUGOS_NATURALES_AGUA_MINERAL,"Bebestibles adicionales en Salón (Bebidas, Jugos Naturales, Agua Mineral)",CAT_BEBIDAS_Y_BAR,PROF_BEBESTIBLES_ADICIONALES_EN_SALON_BEBIDAS_JUGOS_NATURALES_AGUA_MINERAL,,Visitar QR para mayor detalles ( https://gour.media/san-francisco-lodge/ ),true,2026-02-19T16:42:08.795Z
ITEM_VINO_CASTILLO_MOLINA,Vino Castillo Molina,CAT_BEBIDAS_Y_BAR,PROF_VINO_CASTILLO_MOLINA,,Se recomienda 1 botella para 5 personas,true,2026-02-19T16:42:08.795Z
ITEM_VINO_CASILLERO_DEL_DIABLO_RESERVA_ESPECIAL,Vino Casillero del diablo Reserva Especial,CAT_BEBIDAS_Y_BAR,PROF_VINO_CASILLERO_DEL_DIABLO_RESERVA_ESPECIAL,,Se recomienda 1 botella para 5 personas,true,2026-02-19T16:42:08.795Z
ITEM_VINO_MARQUES_CASA_CONCHA,Vino Marques Casa Concha,CAT_BEBIDAS_Y_BAR,PROF_VINO_MARQUES_CASA_CONCHA,,Se recomienda 1 botella para 5 personas,true,2026-02-19T16:42:08.795Z
ITEM_CAMBIO_DE_HORARIO_DEL_DESAYUNO_1_HORA_MINIMO_30_PERSONAS,"Cambio de horario del desayuno 1 hora, minimo 30 personas",CAT_CAMBIOS_DE_HORAS_Y_LUGAR_EN_SERVICIOS_DE_ALIMENTACION,PROF_CAMBIO_DE_HORARIO_DEL_DESAYUNO_1_HORA_MINIMO_30_PERSONAS,,"valor por persona, se adelanta o se extiende el desayuno por una hora",true,2026-02-19T16:42:08.795Z
ITEM_CAMBIO_DE_HORARIO_DEL_DESAYUNO_POR_MEDIA_HORA_MINIMO_30_PERSONAS,"Cambio de horario del desayuno por media hora , minimo 30 personas",CAT_CAMBIOS_DE_HORAS_Y_LUGAR_EN_SERVICIOS_DE_ALIMENTACION,PROF_CAMBIO_DE_HORARIO_DEL_DESAYUNO_POR_MEDIA_HORA_MINIMO_30_PERSONAS,,"valor por persona, se adelanta o se extiende el desayuno por media hora",true,2026-02-19T16:42:08.795Z
ITEM_CAMBIO_DE_HORARIO_DE_ALMUERZO_POR_MEDIA_HORA_MINIMO_30_PERSONAS,"Cambio de horario de almuerzo por media hora, minimo 30 personas",CAT_CAMBIOS_DE_HORAS_Y_LUGAR_EN_SERVICIOS_DE_ALIMENTACION,PROF_CAMBIO_DE_HORARIO_DE_ALMUERZO_POR_MEDIA_HORA_MINIMO_30_PERSONAS,,"valor por persona, se adelanta o se extiende el almuerzo por media hora.",true,2026-02-19T16:42:08.795Z
ITEM_EXTENSION_MEDIA_HORA_HORARIO_DE_CENA,Extension media hora horario de cena,CAT_CAMBIOS_DE_HORAS_Y_LUGAR_EN_SERVICIOS_DE_ALIMENTACION,PROF_EXTENSION_MEDIA_HORA_HORARIO_DE_CENA,,valor por persona para extension de servicios de cena por media hora hasta las 21:30,true,2026-02-19T16:42:08.795Z
ITEM_CAMBIO_DE_LUGAR_DE_SERVICIO_DE_ALIMENTACION,Cambio de lugar de servicio de alimentacion,CAT_CAMBIOS_DE_HORAS_Y_LUGAR_EN_SERVICIOS_DE_ALIMENTACION,PROF_CAMBIO_DE_LUGAR_DE_SERVICIO_DE_ALIMENTACION,,"Valor por persona, se debe reservar adicionalmente el salon ( chinook, salon truchita o comedor vip)",true,2026-02-19T16:42:08.795Z
ITEM_DESAYUNO,Desayuno,CAT_ALIMENTACION_Y_BANQUETERIA,PROF_DESAYUNO,,"Tipos de Café, Chocolate, té, leche, jugo, yogurt, cereales, Fruta, jamón, quesos, huevos, tocino, chorizo, verduras asadas, mermeladas, mantequilla, distintos tipos de panes, minipastelitos, queques, croissant.",true,2026-02-19T16:42:08.795Z
ITEM_DESAYUNO_INCLUIDO_POR_ALOJAMIENTO,Desayuno incluido por alojamiento,CAT_ALIMENTACION_Y_BANQUETERIA,PROF_DESAYUNO_INCLUIDO_POR_ALOJAMIENTO,,"Tipos de Café, Chocolate, té, leche, jugo, yogurt, cereales, Fruta, jamón, quesos, huevos, tocino, chorizo, verduras asadas, mermeladas, mantequilla, distintos tipos de panes, minipastelitos, queques, croissant.",true,2026-02-19T16:42:08.795Z
ITEM_ALMUERZO_SUGERENCIAS_DEL_CHEF_EN_FORMATO_BUFFET_MAS_DE_30_PASAJEROS_MENOS_DE_30_ES_CARTA,"Almuerzo Sugerencias del chef  en formato Buffet, mas de 30 pasajeros. Menos de 30 es carta",CAT_ALIMENTACION_Y_BANQUETERIA,PROF_ALMUERZO_SUGERENCIAS_DEL_CHEF_EN_FORMATO_BUFFET_MAS_DE_30_PASAJEROS_MENOS_DE_30_ES_CARTA,,"Buffet tenedor libre con variedad de ensaladas, guarniciones y acompañamientos calientes. No incluye bebidas ni aperitivos. Si en el hotel hay menos de 30 personas el servicio a la carta, si contamos con mas de 30 personas será buffet.  Horario almuerzo desde 13:30 hasta 15:00 hrs",true,2026-02-19T16:42:08.795Z
ITEM_CENA_SUGERENCIAS_DEL_CHEF_EN_FORMATO_BUFFET_MAS_DE_30_PASAJEROS_MENOS_DE_30_ES_CARTA,"Cena Sugerencias del chef  en formato Buffet, mas de 30 pasajeros. Menos de 30 es carta",CAT_ALIMENTACION_Y_BANQUETERIA,PROF_CENA_SUGERENCIAS_DEL_CHEF_EN_FORMATO_BUFFET_MAS_DE_30_PASAJEROS_MENOS_DE_30_ES_CARTA,,"Buffet tenedor libre con opciones de Pizzas, fondos con carnes, acompañamientos, Salad bar, salsas, dressing, postres, sopas, inc café. . Horario cena desde 19:30 hasta 21:00.. Si en el hotel hay menos de 30 personas el servicio a la carta, si es mas de 30 personas será buffet.",true,2026-02-19T16:42:08.795Z
ITEM_ALMUERZO_O_CENA_A_LA_CARTA,Almuerzo o cena a la carta,CAT_ALIMENTACION_Y_BANQUETERIA,PROF_ALMUERZO_O_CENA_A_LA_CARTA,,"Servicio de alimentacion a la carta, servido a la mesa. Es un menú único que debe elergirse con una semana de anticipación. Se sugiere agregar vinos para acompañar la comida",true,2026-02-19T16:42:08.795Z
ITEM_ALMUERZO_O_CENA_A_LA_CARTA_VIP,Almuerzo o cena a la carta VIP,CAT_ALIMENTACION_Y_BANQUETERIA,PROF_ALMUERZO_O_CENA_A_LA_CARTA_VIP,,"Servicio de alimentacion a la carta, servido a la mesa. Es un menú único que debe elergirse con una semana de anticipación. Se sugiere agregar vinos para acompañar la comida",true,2026-02-19T16:42:08.795Z
ITEM_CENA_O_ALMUERZO_PARRILLA_30_O_MAS_PAX,"Cena o Almuerzo parrilla, 30 o mas  pax",CAT_ALIMENTACION_Y_BANQUETERIA,PROF_CENA_O_ALMUERZO_PARRILLA_30_O_MAS_PAX,,"Preparacion de carnes de vacuno, cerdo, chorizos y prietas la parrilla,  mas acompañamientos, ensaladas y postre y café.No incluye bebidas ni aperitivos",true,2026-02-19T16:42:08.795Z
ITEM_CENA_O_ALMUERZO_PARRILLA_MENOS_DE_30_PAX,"Cena o Almuerzo parrilla, menos de 30 pax",CAT_ALIMENTACION_Y_BANQUETERIA,PROF_CENA_O_ALMUERZO_PARRILLA_MENOS_DE_30_PAX,,"Preparacion de carnes, verduras y frutas a la parrilla,  mas acompañamientos, ensaladas y postre y café.No incluye bebidas ni aperitivos",true,2026-02-19T16:42:08.795Z
ITEM_ONCE,Once,CAT_ALIMENTACION_Y_BANQUETERIA,PROF_ONCE,,Bebida o agua con Hamburguesa lechuga tomate y helado.,true,2026-02-19T16:42:08.795Z
ITEM_BOX_LUNCH_COMO_UNA_ONCE_EN_CAJITAS_INDIVIDUALES_PARA_QUE_SE_LA_PUEDAN_LLEVAR,Box lunch (Como una Once en cajitas individuales para que se la puedan llevar),CAT_ALIMENTACION_Y_BANQUETERIA,PROF_BOX_LUNCH_COMO_UNA_ONCE_EN_CAJITAS_INDIVIDUALES_PARA_QUE_SE_LA_PUEDAN_LLEVAR,,"Muffin o dos facturas, hamburguesa, una fruta, 1 bebida",true,2026-02-19T16:42:08.795Z
ITEM_CATA_DE_VINOS_CON_SOMELIER_MINIMO_10_PERSONAS_Y_HASTA_40_DURACION_1_HORA,"Cata de vinos con somelier, minimo 10 personas y hasta 40.  Duración 1 hora",CAT_ALIMENTACION_Y_BANQUETERIA,PROF_CATA_DE_VINOS_CON_SOMELIER_MINIMO_10_PERSONAS_Y_HASTA_40_DURACION_1_HORA,PI_1_PER_PAX,"Cata de 4 vinos  reserva boutique, de la zona, con maridaje de quesos y encurtidos.",true,2026-02-19T16:42:08.795Z
ITEM_PICOTEO_PARRILLANDO_CON_AMIGOS_MINIMO_20_PERSONAS,Picoteo parrillando con amigos: minimo 20 personas,CAT_ALIMENTACION_Y_BANQUETERIA,PROF_PICOTEO_PARRILLANDO_CON_AMIGOS_MINIMO_20_PERSONAS,PI_1_PER_PAX,"Este apertivo consiste en hacer  su propia parrilla modo picoteo.  Podran escoger 2 unidades dentro de las siguientes alternativas: pisco sour, vino, espumpante o cerveza. Duracion 1 hora. No reemplaza  comida",true,2026-02-19T16:42:08.795Z
ITEM_APERITIVO_TEMATICO_JUGANDO_EN_LA_BARRA_MINIMO_20_PERSONAS_MAXIMO_1_5_HORAS,"Aperitivo tematico: Jugando en la barra, minimo 20 personas. Maximo 1,5 horas",CAT_ALIMENTACION_Y_BANQUETERIA,PROF_APERITIVO_TEMATICO_JUGANDO_EN_LA_BARRA_MINIMO_20_PERSONAS_MAXIMO_1_5_HORAS,PI_1_PER_PAX,"Bar abierto entretenido, donde ellos prepararan sus propios tragos con la ayuda de un bartender profesional. Acompañados con quesos y frutos secos. Duracion 1,5 horas",true,2026-02-19T16:42:08.795Z
ITEM_TABLA_DE_QUESO_6_PAX,Tabla de Queso 6 Pax,CAT_ALIMENTACION_Y_BANQUETERIA,PROF_TABLA_DE_QUESO_6_PAX,,"Queso mantecoso, queso azul, queso cabra, camembert, esferas queso crema con ciboulette y mix frutos secos.",true,2026-02-19T16:42:08.795Z
ITEM_TABLA_FIAMBRES_6_PAX,Tabla Fiambres 6 Pax,CAT_ALIMENTACION_Y_BANQUETERIA,PROF_TABLA_FIAMBRES_6_PAX,,"Jamon pierna, jamon serrano, salame, mix frutos secos",true,2026-02-19T16:42:08.795Z
ITEM_TABLA_MIXTA_QUESOS_Y_FIAMBRES_6_PAX,Tabla Mixta Quesos y Fiambres 6 pax,CAT_ALIMENTACION_Y_BANQUETERIA,PROF_TABLA_MIXTA_QUESOS_Y_FIAMBRES_6_PAX,,"Jamon pierna, jamon serrano, salame, queso mantecoso, queso cabra, camembert, esferas queso crema y mix frutos secos.",true,2026-02-19T16:42:08.795Z
ITEM_TABLA_MIX_TAPADITOS_QUICHES_Y_MINI_EMPANADAS_6_PAX,"Tabla Mix Tapaditos, Quiches y Mini Empanadas 6 pax",CAT_ALIMENTACION_Y_BANQUETERIA,PROF_TABLA_MIX_TAPADITOS_QUICHES_Y_MINI_EMPANADAS_6_PAX,,"6 tapaditos salmon queso crema, 6 tapaditos Jamon serrano pesto aceituna, 6 mini quiches, 6 empanadas mini pino y empanadas napolitana.",true,2026-02-19T16:42:08.795Z
ITEM_TABLA_VEGANA_6_PAX,Tabla vegana 6 pax,CAT_ALIMENTACION_Y_BANQUETERIA,PROF_TABLA_VEGANA_6_PAX,,"1 champiñon relleno, hummus, queso vegano especiado, crudites( bastones de verduras), grissinis de ajo, focaccia palmito, vegetales tempura, 1 brusqueta de rucula con tomate confit.",true,2026-02-19T16:42:08.795Z
ITEM_COCTAIL_BASICO_MINIMO_15_PASAJEROS,"Coctail basico, minimo 15 pasajeros.",CAT_ALIMENTACION_Y_BANQUETERIA,PROF_COCTAIL_BASICO_MINIMO_15_PASAJEROS,,"1 Bebestible por persona entre: Pisco sour, espumante, vino,  bebida o cerveza, 1 empanadita, 1 bruscheta queso crema tomate confit y reduccion de aceto, mix de quesos, brusqueta pesto con jamón serrano, queso azul frito con mermelada de frambuesa, y brocheta de fruta .",true,2026-02-19T16:42:08.795Z
ITEM_COCTAIL_CHILENO_MINIMO_15_PASAJEROS,"Coctail chileno, minimo 15 pasajeros.",CAT_ALIMENTACION_Y_BANQUETERIA,PROF_COCTAIL_CHILENO_MINIMO_15_PASAJEROS,,"1 Bebestible por persona entre: Pisco sour, espumante, vino,  bebida o cerveza. 1 empanadita de pino y 1 de queso, 1 bruscheta de prieta nogada, 1 mini anticucho, chorizo envuelto en masa de  hoja, chupe de camarón, mix de quesos y frutos secos.",true,2026-02-19T16:42:08.795Z
ITEM_CORDERO_A_LA_ESPADA_CORDERO_CON_PAN_AMASADO_Y_SALSAS_PARA_20_PAX,Cordero a la espada (Cordero con pan amasado y salsas para 20 pax),CAT_ALIMENTACION_Y_BANQUETERIA,PROF_CORDERO_A_LA_ESPADA_CORDERO_CON_PAN_AMASADO_Y_SALSAS_PARA_20_PAX,,"Cordero a la espada para picoteo, acompañado de panes amasados con distintas salsas tales como pebre, lactonesa ajo merkén y criolla.",true,2026-02-19T16:42:08.795Z
ITEM_PIERNA_DE_CERDO_16_HRS_AL_HORNO_CON_AMASADO_Y_3_SALSAS_PARA_PICOTEO,"Pierna de cerdo 16 hrs al horno, con amasado y 3 salsas para picoteo",CAT_ALIMENTACION_Y_BANQUETERIA,PROF_PIERNA_DE_CERDO_16_HRS_AL_HORNO_CON_AMASADO_Y_3_SALSAS_PARA_PICOTEO,,Recomendado para  maximo 50 personas,true,2026-02-19T16:42:08.795Z
ITEM_EMPANADAS_COCTEL_PINO_QUESO_Y_NAPOLITANA,"Empanadas coctel( pino, queso y napolitana)",CAT_ALIMENTACION_Y_BANQUETERIA,PROF_EMPANADAS_COCTEL_PINO_QUESO_Y_NAPOLITANA,,"Empanada pino, queso, napolitana, valor unitario",true,2026-02-19T16:42:08.795Z
ITEM_SERVICIO_DE_TRASNOCHE_CONSOME_250CC_CON_2_TAPADITOS,Servicio de trasnoche Consome 250cc con 2 tapaditos,CAT_ALIMENTACION_Y_BANQUETERIA,PROF_SERVICIO_DE_TRASNOCHE_CONSOME_250CC_CON_2_TAPADITOS,PI_1_PER_PAX,,true,2026-02-19T16:42:08.795Z
ITEM_PUNTO_DE_HIDRATACION,Punto de hidratación,CAT_ALIMENTACION_Y_BANQUETERIA,PROF_PUNTO_DE_HIDRATACION,,"1 barra de ceral, 1 agua mineral y 1 fruta de estación",true,2026-02-19T16:42:08.795Z
ITEM_1_FRUTA_DE_ESTACION,1 fruta de estación,CAT_ALIMENTACION_Y_BANQUETERIA,PROF_1_FRUTA_DE_ESTACION,,,true,2026-02-19T16:42:08.795Z
ITEM_1_BARRA_DE_CEREAL,1 barra de cereal,CAT_ALIMENTACION_Y_BANQUETERIA,PROF_1_BARRA_DE_CEREAL,,,true,2026-02-19T16:42:08.795Z
ITEM_TORTA_CHOCOLATE_16_PAX,Torta Chocolate 16 pax,CAT_ALIMENTACION_Y_BANQUETERIA,PROF_TORTA_CHOCOLATE_16_PAX,,Torta de chocolate envuelta en chips de chocolate.,true,2026-02-19T16:42:08.795Z
ITEM_TORTA_CARROTCAKE_14_PAX,Torta Carrotcake 14 pax,CAT_ALIMENTACION_Y_BANQUETERIA,PROF_TORTA_CARROTCAKE_14_PAX,,"Esponjoso de zanahoria nuez, rellena frosting de queso crema",true,2026-02-19T16:42:08.795Z
ITEM_CHEESECAKE_DE_OREO_14_PAX,Cheesecake de Oreo 14 pax,CAT_ALIMENTACION_Y_BANQUETERIA,PROF_CHEESECAKE_DE_OREO_14_PAX,,Imperdible cheesecake Oreo,true,2026-02-19T16:42:08.795Z
ITEM_TORTA_SAN_FRANCISCO_MANJAR_NUEZ_15_PAX,Torta San Francisco manjar nuez 15 pax,CAT_ALIMENTACION_Y_BANQUETERIA,PROF_TORTA_SAN_FRANCISCO_MANJAR_NUEZ_15_PAX,,Esponjoso de chocolate rellena de dulce de leche y crema chantilly,true,2026-02-19T16:42:08.795Z
ITEM_TROZO_DE_TORTA_DE_CHOCOLATE_ESTACION_CAFE_O_TE_EN_COMEDOR,Trozo de torta de Chocolate + estacion cafe o té en comedor,CAT_ALIMENTACION_Y_BANQUETERIA,PROF_TROZO_DE_TORTA_DE_CHOCOLATE_ESTACION_CAFE_O_TE_EN_COMEDOR,,Trozo servido a la mesa en el comedor con estacion de té y cafe disponible para autoservicio.,true,2026-02-19T16:42:08.795Z
ITEM_TROZO_DE_TORTA_CARROT_CAKE_ESTACION_CAFE_O_TE_EN_COMEDOR,Trozo de torta Carrot Cake + estacion cafe o té en comedor,CAT_ALIMENTACION_Y_BANQUETERIA,PROF_TROZO_DE_TORTA_CARROT_CAKE_ESTACION_CAFE_O_TE_EN_COMEDOR,,Trozo servido a la mesa en el comedor con estacion de té y cafe disponible para autoservicio.,true,2026-02-19T16:42:08.795Z
ITEM_TROZO_DE_CHEESE_CAKE_OREO_ESTACION_CAFE_O_TE_EN_COMEDOR,Trozo de Cheese Cake Oreo + estacion cafe o té en comedor,CAT_ALIMENTACION_Y_BANQUETERIA,PROF_TROZO_DE_CHEESE_CAKE_OREO_ESTACION_CAFE_O_TE_EN_COMEDOR,,Trozo servido a la mesa en el comedor con estacion de té y cafe disponible para autoservicio.,true,2026-02-19T16:42:08.795Z
ITEM_MASAJISTA_EXCLUSIVA_PARA_MASAJES_RELAX_30_MINUTOS,"Masajista exclusiva, para masajes relax 30 minutos",CAT_SPA,PROF_MASAJISTA_EXCLUSIVA_PARA_MASAJES_RELAX_30_MINUTOS,,"Horario de 10:30 a 20:00, puede hacer maximo 10 masajes de relajación por dia.",true,2026-02-19T16:42:08.795Z
ITEM_MASAJES_DE_RELAJACION_DE_MEDIA_HORA,Masajes de relajacion de media hora,CAT_SPA,PROF_MASAJES_DE_RELAJACION_DE_MEDIA_HORA,,Horario de los masajes debe coordinarse previamente al evento. Minimo 3 dias de anticipacion,true,2026-02-19T16:42:08.795Z
ITEM_GORROS_DE_PISCINAS_LYCRA,Gorros de piscinas  lycra,CAT_SPA,PROF_GORROS_DE_PISCINAS_LYCRA,,Gorro lycra,true,2026-02-19T16:42:08.795Z
ITEM_GORROS_DE_PISCINAS_LATEX,Gorros de piscinas  latex,CAT_SPA,PROF_GORROS_DE_PISCINAS_LATEX,,Gorro Latex,true,2026-02-19T16:42:08.795Z
ITEM_PISCINA_TEMPERADA_NOCTURNA_EXCLUSIVA_HASTA_2_HORAS,Piscina temperada nocturna exclusiva hasta 2 horas,CAT_SPA,PROF_PISCINA_TEMPERADA_NOCTURNA_EXCLUSIVA_HASTA_2_HORAS,,Piscina temperada nocturna exclusiva por 1 hora de 20:00 a 21:00,true,2026-02-19T16:42:08.795Z
ITEM_HABITACION_SINGLE_HOTEL_B_B,Habitación single hotel B&B,CAT_ALOJAMIENTO,PROF_HABITACION_SINGLE_HOTEL_B_B,,"Desayuno, cabalgatas, canopy, kayak, botes, standup paddle, canchas tenis, pesca con mosca y piscina temperada",true,2026-02-19T16:42:08.795Z
ITEM_HABITACION_DOBLE_HOTEL_B_B,Habitación Doble hotel B&B,CAT_ALOJAMIENTO,PROF_HABITACION_DOBLE_HOTEL_B_B,,"Desayuno, cabalgatas, canopy, kayak, botes, standup paddle, canchas tenis, pesca con mosca y piscina temperada",true,2026-02-19T16:42:08.795Z
ITEM_HABITACION_TRIPLE_HOTEL_B_B,Habitación Triple hotel B&B,CAT_ALOJAMIENTO,PROF_HABITACION_TRIPLE_HOTEL_B_B,,"Desayuno, cabalgatas, canopy, kayak, botes, standup paddle, canchas tenis, pesca con mosca y piscina temperada",true,2026-02-19T16:42:08.795Z
ITEM_HABITACION_CUADRUPLE_HOTEL_B_B,Habitación Cuadruple hotel  B&B,CAT_ALOJAMIENTO,PROF_HABITACION_CUADRUPLE_HOTEL_B_B,,"Desayuno, cabalgatas, canopy, kayak, botes, standup paddle, canchas tenis, pesca con mosca y piscina temperada",true,2026-02-19T16:42:08.795Z
ITEM_HABITACION_QUINTUPLE_HOTEL_B_B,Habitación Quintuple hotel B&B,CAT_ALOJAMIENTO,PROF_HABITACION_QUINTUPLE_HOTEL_B_B,,"Desayuno, cabalgatas, canopy, kayak, botes, standup paddle, canchas tenis, pesca con mosca y piscina temperada",true,2026-02-19T16:42:08.795Z
ITEM_VALOR_6_PASAJEROS_EN_CABANA_B_B,"Valor 6 pasajeros, en cabaña B&B",CAT_ALOJAMIENTO,PROF_VALOR_6_PASAJEROS_EN_CABANA_B_B,,"Desayuno, cabalgatas, canopy, kayak, botes, standup paddle, canchas tenis, pesca con mosca y piscina temperada",true,2026-02-19T16:42:08.795Z
ITEM_VALOR_7_PASAJEROS_EN_CABANA_B_B,"Valor 7 pasajeros, en cabaña B&B",CAT_ALOJAMIENTO,PROF_VALOR_7_PASAJEROS_EN_CABANA_B_B,,"Desayuno, cabalgatas, canopy, kayak, botes, standup paddle, canchas tenis, pesca con mosca y piscina temperada",true,2026-02-19T16:42:08.795Z
ITEM_VALOR_8_PASAJEROS_EN_CABANA_B_B,"Valor 8 pasajeros, en cabaña B&B",CAT_ALOJAMIENTO,PROF_VALOR_8_PASAJEROS_EN_CABANA_B_B,,"Desayuno, cabalgatas, canopy, kayak, botes, standup paddle, canchas tenis, pesca con mosca y piscina temperada",true,2026-02-19T16:42:08.795Z
ITEM_VALOR_PAX_ADICIONAL_EN_LA_MISMA_HABITACION,Valor Pax adicional en la misma habitacion,CAT_ALOJAMIENTO,PROF_VALOR_PAX_ADICIONAL_EN_LA_MISMA_HABITACION,,"Check in de habitaciones desde las 4 PM.Incluye: desayuno, cabalgatas, canopy, kayak, botes, standup paddle, canchas tenis, minigolf, baby, pesca con mosca y piscina temperada",true,2026-02-19T16:42:08.795Z
ITEM_EARLY_CHECK_IN_POR_HABITACION_DE_HOTEL,"Early check in, por habitacion de hotel",CAT_ALOJAMIENTO,PROF_EARLY_CHECK_IN_POR_HABITACION_DE_HOTEL,,"Check in anticipado desde las 12:00, segun disponibilidad.",true,2026-02-19T16:42:08.795Z
ITEM_LATE_CHECK_OUT_POR_HABITACION_DE_HOTEL,"Late check out, por habitacion de hotel",CAT_ALOJAMIENTO,PROF_LATE_CHECK_OUT_POR_HABITACION_DE_HOTEL,,"Check out hasta las 16:00, segun disponibilidad",true,2026-02-19T16:42:08.795Z
ITEM_EARLY_CHECK_IN_POR_CABANA,"Early check in, por cabaña",CAT_ALOJAMIENTO,PROF_EARLY_CHECK_IN_POR_CABANA,,"Check in anticipado desde las 12:00, segun disponibilidad.",true,2026-02-19T16:42:08.795Z
ITEM_LATE_CHECK_OUT_POR_CABANA,"Late check out, por cabaña",CAT_ALOJAMIENTO,PROF_LATE_CHECK_OUT_POR_CABANA,,"Check out hasta las 16:00, segun disponibilidad",true,2026-02-19T16:42:08.795Z
ITEM_TRASLADO_DE_MALETAS_ENTREGA_Y_RETIRO_FUERA_DE_LAS_HABITACIONES_VALOR_POR_PERSONA,"Traslado de maletas, entrega y retiro fuera de las habitaciones, valor por persona",CAT_ALOJAMIENTO,PROF_TRASLADO_DE_MALETAS_ENTREGA_Y_RETIRO_FUERA_DE_LAS_HABITACIONES_VALOR_POR_PERSONA,,,true,2026-02-19T16:42:08.795Z
ITEM_PRODUCTOS_O_REGALOS_EN_LAS_HABITACIONES_VALOR_POR_PERSONA,"Productos o regalos en las habitaciones, valor por persona",CAT_ALOJAMIENTO,PROF_PRODUCTOS_O_REGALOS_EN_LAS_HABITACIONES_VALOR_POR_PERSONA,,"Regalos, aguas o algun detalle en las habitaciones, precio por persona",true,2026-02-19T16:42:08.795Z
ITEM_1_RAMO_DE_FLORES_6_ROSAS_ROJAS_BLANCAS_ROSADAS_AMARILLA,"1 Ramo de flores, 6 rosas, rojas, blancas, rosadas, amarilla",CAT_OTROS_ARTICULOS,PROF_1_RAMO_DE_FLORES_6_ROSAS_ROJAS_BLANCAS_ROSADAS_AMARILLA,,encargar hasta 72 horas antes,true,2026-02-19T16:42:08.795Z
ITEM_1_CHOCOLATE_SAHNE_NUSS_250G_ESPUMANTE_O_BOTELLA_DE_VINO,1 Chocolate Sahne Nuss 250g + espumante o botella de vino,CAT_OTROS_ARTICULOS,PROF_1_CHOCOLATE_SAHNE_NUSS_250G_ESPUMANTE_O_BOTELLA_DE_VINO,,,true,2026-02-19T16:42:08.795Z
ITEM_RESMA_DE_HOJAS,Resma de Hojas,CAT_OTROS_ARTICULOS,PROF_RESMA_DE_HOJAS,,,true,2026-02-19T16:42:08.795Z
ITEM_LAPICES_AZUL_PASTA,Lapices azul Pasta,CAT_OTROS_ARTICULOS,PROF_LAPICES_AZUL_PASTA,,,true,2026-02-19T16:42:08.795Z
ITEM_CORRECTOR_LAPIZ,Corrector lapiz,CAT_OTROS_ARTICULOS,PROF_CORRECTOR_LAPIZ,,,true,2026-02-19T16:42:08.795Z
ITEM_PLUMONES_PERMANENTE,Plumones permanente,CAT_OTROS_ARTICULOS,PROF_PLUMONES_PERMANENTE,,,true,2026-02-19T16:42:08.795Z
ITEM_PLUMONES_DE_PIZARRA,Plumones de pizarra,CAT_OTROS_ARTICULOS,PROF_PLUMONES_DE_PIZARRA,,,true,2026-02-19T16:42:08.795Z
ITEM_FOTOCOPIAS_O_IMPRESION_COLOR,Fotocopias o impresion color,CAT_OTROS_ARTICULOS,PROF_FOTOCOPIAS_O_IMPRESION_COLOR,,hoja de color tamaño carta,true,2026-02-19T16:42:08.795Z
ITEM_FOTOCOPIAS_O_IMPRESION_NEGRO,Fotocopias o impresion negro,CAT_OTROS_ARTICULOS,PROF_FOTOCOPIAS_O_IMPRESION_NEGRO,,hoja en blanco y negro tamaño carta,true,2026-02-19T16:42:08.795Z
ITEM_ALMUERZOS_PRODUCTORAS_O_CHOFERES_EN_BUFFET,Almuerzos productoras o choferes en buffet,CAT_OTROS_ARTICULOS,PROF_ALMUERZOS_PRODUCTORAS_O_CHOFERES_EN_BUFFET,,Exclusivo solo a los que traen a las empresas,true,2026-02-19T16:42:08.795Z
ITEM_GUIAS_EXCLUSIVOS_PARA_CAMINATAS,Guias exclusivos para caminatas,CAT_ACTIVIDADES,PROF_GUIAS_EXCLUSIVOS_PARA_CAMINATAS,,1 guia cada 20 o 25 personas.( Ideal minimo dos para abrir y cerrar el grupo para caminatas),true,2026-02-19T16:42:08.795Z
ITEM_CAMINATA_LA_TENCA_DE_FORMA_EXCLUSIVA_1_5_HORAS,"Caminata ""la tenca"" de forma exclusiva, 1,5 horas",CAT_ACTIVIDADES,PROF_CAMINATA_LA_TENCA_DE_FORMA_EXCLUSIVA_1_5_HORAS,PI_1_PER_PAX,"Caminata por circuito la tenca, entremedio de bosques y arroyos del lugar. Es un recorrido por los alrededores del hotel. Tiene una dificultad baja, duracion 1,5 horas y una distancia de 2,3 kilometros. Incluye un agua por persona",true,2026-02-19T16:42:08.795Z
ITEM_CAMINATA_AL_MIRADOR_EXCLUSIVA_DIFICULTAD_MEDIA_DURACION_1_HORA,"Caminata al mirador exclusiva.  Dificultad media, duracion: 1 hora",CAT_ACTIVIDADES,PROF_CAMINATA_AL_MIRADOR_EXCLUSIVA_DIFICULTAD_MEDIA_DURACION_1_HORA,PI_1_PER_PAX,"Caminata a un mirador donde se puede observar el valle del aconcagua. Circuito ubicado al frente del hotel y es de dificultad media, dura 1 hora y tiene una distancia de 2 kilometros. Caminata incluyeun agua por persona",true,2026-02-19T16:42:08.795Z
ITEM_FOGON_PEQUENO_FOGATA_PEQUENA,Fogon pequeño (Fogata pequeña),CAT_ACTIVIDADES,PROF_FOGON_PEQUENO_FOGATA_PEQUENA,,Fogata chica en calderos o pergola. Duración 2.5 horas.,true,2026-02-19T16:42:08.795Z
ITEM_FOGATA_GRANDE,Fogata grande,CAT_ACTIVIDADES,PROF_FOGATA_GRANDE,,Fogata grande en actividad de luz. Duración 2.5 horas.,true,2026-02-19T16:42:08.795Z
ITEM_CLASE_DE_PESCA_CON_MOSCA_3_HORAS_9_AM_A_12PM,Clase de pesca con mosca 3 horas(9 am a 12pm),CAT_ACTIVIDADES,PROF_CLASE_DE_PESCA_CON_MOSCA_3_HORAS_9_AM_A_12PM,,,true,2026-02-19T16:42:08.795Z
ITEM_ARRIENDO_DE_CANA,Arriendo de Caña,CAT_ACTIVIDADES,PROF_ARRIENDO_DE_CANA,,"Solo caña  todo el dia, las moscas tienen un valor adicional.",true,2026-02-19T16:42:08.795Z
ITEM_PASEOS_A_CABALLO_EXCLUSIVOS_MINIMO_4_PASAJEROS_DURACION_3_4_HORAS_MAXIMO_20_PERSONAS,"Paseos a Caballo exclusivos, minimo 4 pasajeros, duracion 3-4 horas. Maximo 20 personas",CAT_ACTIVIDADES,PROF_PASEOS_A_CABALLO_EXCLUSIVOS_MINIMO_4_PASAJEROS_DURACION_3_4_HORAS_MAXIMO_20_PERSONAS,,"Paseo comienza con una clinica intruductoria y luego practica, donde conoceran el cajón de san francisco y sus bondades. Paseo incluye un agua por persona",true,2026-02-19T16:42:08.795Z
ITEM_PASEO_A_CABALLO_VERTIENTE_DEL_TORO,Paseo a caballo Vertiente del toro,CAT_ACTIVIDADES,PROF_PASEO_A_CABALLO_VERTIENTE_DEL_TORO,,4 horas + induccion Almuerzo+cena+ activiades,true,2026-02-19T16:42:08.795Z
ITEM_PASEO_A_CABALLO_ALTOS_DEL_GUINDO,Paseo a caballo Altos del Guindo,CAT_ACTIVIDADES,PROF_PASEO_A_CABALLO_ALTOS_DEL_GUINDO,,5 horas + induccion Almuerzo+cena+ activiades,true,2026-02-19T16:42:08.795Z
ITEM_USO_DE_ACTIVIDADES,Uso de actividades,CAT_ACTIVIDADES,PROF_USO_DE_ACTIVIDADES,,"Cabalgatas, canopy, kayak, botes, stand up paddle, cancha de tenis, minigolf, piscina temperada, piscina exterior, camillas de cuarzo, circuitos de trekking etc..",true,2026-02-19T16:42:08.795Z
ITEM_USO_DE_ACTIVIDADES_POR_CORTESIA,Uso de actividades por cortesía,CAT_ACTIVIDADES,PROF_USO_DE_ACTIVIDADES_POR_CORTESIA,,"Cabalgatas, canopy, kayak, botes, stand up paddle, cancha de tenis, minigolf, piscina temperada, piscina exterior, camillas de cuarzo, circuitos de trekking etc..",true,2026-02-19T16:42:08.795Z
ITEM_YOGA,Yoga,CAT_ACTIVIDADES,PROF_YOGA,PI_1_PER_PAX,actividades de pausa de 15- 30 minutos aprox. cada una,true,2026-02-19T16:42:08.795Z
ITEM_PAINTBALL,Paintball,CAT_TEAMBUILDING,PROF_PAINTBALL,PI_1_PER_PAX,"Juego de paintball, incluye un agua por persona. Duracion aproximada 2 horas. Inlcuye primera carga de pelotas, con posibilidad de recarga por 15.000+ iva por persona",true,2026-02-19T16:42:08.795Z
ITEM_BUSQUEDA_DE_TESORO,Busqueda de tesoro,CAT_TEAMBUILDING,PROF_BUSQUEDA_DE_TESORO,PI_1_PER_PAX,"duracion actividad 2,5 horas",true,2026-02-19T16:42:08.795Z
ITEM_ACTIVIDAD_DE_LA_LUZ,Actividad de la luz,CAT_TEAMBUILDING,PROF_ACTIVIDAD_DE_LA_LUZ,PI_1_PER_PAX,"duracion actividad 1,5 horas aprox",true,2026-02-19T16:42:08.795Z
ITEM_ALIANZAS,Alianzas,CAT_TEAMBUILDING,PROF_ALIANZAS,PI_1_PER_PAX,Duracion 2 horas aprox,true,2026-02-19T16:42:08.795Z
ITEM_EL_HERIDO,El herido,CAT_TEAMBUILDING,PROF_EL_HERIDO,PI_1_PER_PAX,"Duracion 2,5 horas aprox",true,2026-02-19T16:42:08.795Z
ITEM_EL_NAUFRAGO,El Naufrago,CAT_TEAMBUILDING,PROF_EL_NAUFRAGO,PI_1_PER_PAX,duracion 2 horas aprox,true,2026-02-19T16:42:08.795Z
ITEM_EL_NAUFRAGO_FULL,El Naufrago Full,CAT_TEAMBUILDING,PROF_EL_NAUFRAGO_FULL,PI_1_PER_PAX,"Duracion 2,5 horas aprox",true,2026-02-19T16:42:08.795Z
ITEM_CONQUISTANDO_LA_CUMBRE,Conquistando la Cumbre,CAT_TEAMBUILDING,PROF_CONQUISTANDO_LA_CUMBRE,PI_1_PER_PAX,,true,2026-02-19T16:42:08.795Z
ITEM_TIRO_CON_ARCO,Tiro con Arco,CAT_ACTIVIDADES,PROF_TIRO_CON_ARCO,PI_1_PER_PAX,,true,2026-02-19T16:42:08.795Z
ITEM_MISION_Y_VISION,Mision y Vision,CAT_TEAMBUILDING,PROF_MISION_Y_VISION,PI_1_PER_PAX,,true,2026-02-19T16:42:08.795Z
ITEM_FABRICA_DE_SAL,Fabrica de sal,CAT_TEAMBUILDING,PROF_FABRICA_DE_SAL,PI_1_PER_PAX,duracion 1 hora aprox,true,2026-02-19T16:42:08.795Z
ITEM_LA_PIZZA_NOSTRA_PER_TUTTI,La Pizza Nostra Per Tutti,CAT_TEAMBUILDING,PROF_LA_PIZZA_NOSTRA_PER_TUTTI,PI_1_PER_PAX,,true,2026-02-19T16:42:08.795Z
ITEM_LA_PIZZA_NOSTRA,La Pizza Nostra,CAT_TEAMBUILDING,PROF_LA_PIZZA_NOSTRA,PI_1_PER_PAX,,true,2026-02-19T16:42:08.795Z
ITEM_THE_BOSS_GRILL,The Boss Grill,CAT_TEAMBUILDING,PROF_THE_BOSS_GRILL,PI_1_PER_PAX,,true,2026-02-19T16:42:08.795Z
ITEM_COCINANDO_EQUIPOS,Cocinando Equipos,CAT_TEAMBUILDING,PROF_COCINANDO_EQUIPOS,PI_1_PER_PAX,,true,2026-02-19T16:42:08.795Z
ITEM_FORMANDO_UN_JINETE,Formando un Jinete,CAT_TEAMBUILDING,PROF_FORMANDO_UN_JINETE,,,true,2026-02-19T16:42:08.795Z
ITEM_MASTER_CHEF_CORPORATIVO,Master Chef Corporativo,CAT_TEAMBUILDING,PROF_MASTER_CHEF_CORPORATIVO,PI_1_PER_PAX,Cada grupo debe preparar los mejores platos,true,2026-02-19T16:42:08.795Z
ITEM_DE_LA_MASA_AL_PLATO,De La Masa Al Plato,CAT_TEAMBUILDING,PROF_DE_LA_MASA_AL_PLATO,PI_1_PER_PAX,,true,2026-02-19T16:42:08.795Z
ITEM_PARRILLADA_EN_EQUIPO,Parrillada en Equipo,CAT_TEAMBUILDING,PROF_PARRILLADA_EN_EQUIPO,PI_1_PER_PAX,,true,2026-02-19T16:42:08.795Z
ITEM_TALLER_DE_PIZZA_Y_BIRRA,Taller de Pizza y Birra,CAT_TEAMBUILDING,PROF_TALLER_DE_PIZZA_Y_BIRRA,,,true,2026-02-19T16:42:08.795Z
ITEM_KARAOKE_CON_COPAS_Y_TAPAS,Karaoke con copas y tapas,CAT_TEAMBUILDING,PROF_KARAOKE_CON_COPAS_Y_TAPAS,PI_1_PER_PAX,,true,2026-02-19T16:42:08.795Z
ITEM_TALLER_DE_BRASAS_Y_TINTO_SABORES_AL_FUEGO,Taller de Brasas y Tinto: Sabores al Fuego!,CAT_TEAMBUILDING,PROF_TALLER_DE_BRASAS_Y_TINTO_SABORES_AL_FUEGO,,,true,2026-02-19T16:42:08.795Z
ITEM_CORDEROS_VINOS,Corderos & Vinos,CAT_TEAMBUILDING,PROF_CORDEROS_VINOS,PI_1_PER_PAX,,true,2026-02-19T16:42:08.795Z
ITEM_SAFARI_ECUESTRE,Safari Ecuestre,CAT_ACTIVIDADES,PROF_SAFARI_ECUESTRE,,,true,2026-02-19T16:42:08.795Z
ITEM_TREKKING_AL_MIRADOR,Trekking al mirador,CAT_ACTIVIDADES,PROF_TREKKING_AL_MIRADOR,,,true,2026-02-19T16:42:08.795Z
ITEM_CATA_DE_VINOS,Cata de Vinos,CAT_ACTIVIDADES,PROF_CATA_DE_VINOS,PI_1_PER_PAX,,true,2026-02-19T16:42:08.795Z
ITEM_LOS_NEUMATICOS,Los Neumaticos,CAT_TEAMBUILDING_ACTIVIDADES_DE_PAUSA,PROF_LOS_NEUMATICOS,PI_1_PER_PAX,actividades de pausa de 15- 30 minutos aprox. cada una,true,2026-02-19T16:42:08.795Z
ITEM_TOTEM,Totem,CAT_TEAMBUILDING_ACTIVIDADES_DE_PAUSA,PROF_TOTEM,PI_1_PER_PAX,actividades de pausa de 15- 30 minutos aprox. cada una,true,2026-02-19T16:42:08.795Z
ITEM_LA_ESTRELLA,La estrella,CAT_TEAMBUILDING_ACTIVIDADES_DE_PAUSA,PROF_LA_ESTRELLA,PI_1_PER_PAX,actividades de pausa de 15- 30 minutos aprox. cada una,true,2026-02-19T16:42:08.795Z
ITEM_TIRAR_LA_CUERDA,Tirar la cuerda,CAT_TEAMBUILDING_ACTIVIDADES_DE_PAUSA,PROF_TIRAR_LA_CUERDA,PI_1_PER_PAX,actividades de pausa de 15- 30 minutos aprox. cada una,true,2026-02-19T16:42:08.795Z
ITEM_EL_EQUILIBRIO,El equilibrio,CAT_TEAMBUILDING_ACTIVIDADES_DE_PAUSA,PROF_EL_EQUILIBRIO,PI_1_PER_PAX,actividades de pausa de 15- 30 minutos aprox. cada una,true,2026-02-19T16:42:08.795Z
ITEM_EL_ENREDO,El Enredo,CAT_TEAMBUILDING_ACTIVIDADES_DE_PAUSA,PROF_EL_ENREDO,PI_1_PER_PAX,actividades de pausa de 15- 30 minutos aprox. cada una,true,2026-02-19T16:42:08.795Z
ITEM_BAILE_ENTRETENIDO,Baile Entretenido,CAT_TEAMBUILDING_ACTIVIDADES_DE_PAUSA,PROF_BAILE_ENTRETENIDO,PI_1_PER_PAX,actividades de pausa de 15- 30 minutos aprox. cada una,true,2026-02-19T16:42:08.795Z
ITEM_GIMNASIA_DE_PAUSA,Gimnasia de Pausa,CAT_TEAMBUILDING_ACTIVIDADES_DE_PAUSA,PROF_GIMNASIA_DE_PAUSA,PI_1_PER_PAX,actividades de pausa de 15- 30 minutos aprox. cada una,true,2026-02-19T16:42:08.795Z
ITEM_YOGA_2,Yoga,CAT_TEAMBUILDING_ACTIVIDADES_DE_PAUSA,PROF_YOGA_2,PI_1_PER_PAX,actividades de pausa de 15- 30 minutos aprox. cada una,true,2026-02-19T16:42:08.795Z
ITEM_LA_BOLITA,La Bolita,CAT_TEAMBUILDING_ACTIVIDADES_DE_PAUSA,PROF_LA_BOLITA,PI_1_PER_PAX,actividades de pausa de 15- 30 minutos aprox. cada una,true,2026-02-19T16:42:08.795Z
ITEM_ULA_ULA,Ula Ula,CAT_TEAMBUILDING_ACTIVIDADES_DE_PAUSA,PROF_ULA_ULA,PI_1_PER_PAX,actividades de pausa de 15- 30 minutos aprox. cada una,true,2026-02-19T16:42:08.795Z
ITEM_CARRERA_DE_SACOS,Carrera de Sacos,CAT_TEAMBUILDING_ACTIVIDADES_DE_PAUSA,PROF_CARRERA_DE_SACOS,PI_1_PER_PAX,actividades de pausa de 15- 30 minutos aprox. cada una,true,2026-02-19T16:42:08.795Z
ITEM_BOB_ESPONJA,Bob Esponja,CAT_TEAMBUILDING_ACTIVIDADES_DE_PAUSA,PROF_BOB_ESPONJA,PI_1_PER_PAX,actividades de pausa de 15- 30 minutos aprox. cada una,true,2026-02-19T16:42:08.795Z
