ID_Perfil_Precio,Nombre,Costo_Base_Fijo,Costo_Unitario_Pax,Costo_Unitario_Tiempo,Costo_Unitario_Item,Activo,Updated_At
PROF_SALON_CHINOOK_USO_DIURNO_HASTA_320_PERSONAS,"Perfil Salon Chinook uso diurno, hasta 320 personas",385000,0,0,0,true,2026-02-19T16:42:08.795Z
PROF_SALON_COHO_USO_DIURNO_HASTA_120_PERSONAS,"Perfil Salon Coho uso diurno, hasta 120 personas",330000,0,0,0,true,2026-02-19T16:42:08.795Z
PROF_SALON_FARIO_USO_DIURNO_HASTA_70_PERSONAS,"Perfil Salon Fario uso diurno, hasta 70 personas",242000,0,0,0,true,2026-02-19T16:42:08.795Z
PROF_SALON_ARCOIRIS_USO_DIURNO_HASTA_70_PERSONAS,"Perfil Salón Arcoiris uso diurno, hasta 70 personas",209000,0,0,0,true,2026-02-19T16:42:08.795Z
PROF_DIRECTORIO_USO_DIURNO_PARA_16_PERSONAS_MESA_IMPERIAL,"Perfil Directorio uso diurno para 16 personas, mesa imperial",319000,0,0,0,true,2026-02-19T16:42:08.795Z
PROF_DOMO_PARA_240_PERSONAS,Perfil Domo para 240 personas,550000,0,0,0,true,2026-02-19T16:42:08.795Z
PROF_CAMBIOS_DE_MONTAJE_CHINOOK_DURANTE_EL_ARRIENDO_DE_SALON,Perfil Cambios de montaje  Chinook durante el arriendo de salon.,150000,0,0,0,true,2026-02-19T16:42:08.795Z
PROF_CAMBIOS_DE_MONTAJE_COHO_DURANTE_EL_ARRIENDO_DE_SALON,Perfil Cambios de montaje Coho durante el arriendo de salon.,100000,0,0,0,true,2026-02-19T16:42:08.795Z
PROF_CAMBIOS_DE_MONTAJE_FARIOS_Y_ARCOIRIS_DURANTE_EL_ARRIENDO_DE_SALON,Perfil Cambios de montaje  Farios y Arcoiris durante el arriendo de salon.,80000,0,0,0,true,2026-02-19T16:42:08.795Z
PROF_COMEDOR_VIP_Y_TERRAZA_2DO_PISO_PARA_80_PERSONAS_8_HORAS_USO_DIURNO,Perfil Comedor VIP y terraza (2do piso) para 80 personas 8 horas uso diurno,365000,0,0,0,true,2026-02-19T16:42:08.795Z
PROF_COMEDOR_TRUCHITA_O_EX_POOL_Y_TERRAZA_PARA_35_PERSONAS_8_HORAS_USO_DIURNO,"Perfil Comedor truchita o ex pool y terraza para 35 personas, 8 horas uso diurno",250000,0,0,0,true,2026-02-19T16:42:08.795Z
PROF_ARRIENDO_PERGOLA_CON_PARRILLA_PARA_16_PERSONAS_8_HORAS_USO_DIURNO,"Perfil Arriendo pergola con parrilla para 16 personas, 8 horas uso diurno",250000,0,0,0,true,2026-02-19T16:42:08.795Z
PROF_COMEDOR_VIP_Y_TERRAZA_2DO_PISO_PARA_70_PERSONAS_1_5_HRS_AM_O_PM_ALMUERZO_O_CENA,"Perfil Comedor VIP y terraza (2do piso) para 70 personas 1,5 hrs / AM O PM (ALMUERZO O CENA)",265000,0,0,0,true,2026-02-19T16:42:08.795Z
PROF_COMEDOR_TRUCHITA_O_EX_POOL_Y_TERRAZA_PARA_35_PERSONAS_1_5_HORAS_AM_O_PM_ALMUERZO_O_CENA,"Perfil Comedor truchita o ex pool y terraza para 35 personas 1,5 horas / AM O PM (ALMUERZO O CENA)",150000,0,0,0,true,2026-02-19T16:42:08.795Z
PROF_ARRIENDO_PERGOLA_CON_PARRILLA_PARA_16_PERSONAS_4_HORAS,"Perfil Arriendo pergola con parrilla para 16 personas, 4 horas",150000,0,0,0,true,2026-02-19T16:42:08.795Z
PROF_ARRIENDO_PERGOLA_PICADERO_SOLO_CON_AUTORIZACION_2_DIAS_ANTES,"Perfil Arriendo pergola picadero solo con autorizacion, 2 dias antes.",100000,0,0,0,true,2026-02-19T16:42:08.795Z
PROF_TECNICA_PARA_SALONES_USO_DIURNO,Perfil Tecnica para salones uso diurno.,165000,0,0,0,true,2026-02-19T16:42:08.795Z
PROF_AUDIO_4_HORAS_EN_LA_NOCHE,Perfil Audio 4 horas en la noche,300000,0,0,0,true,2026-02-19T16:42:08.795Z
PROF_AMPLIFICACION_EXTERIOR,Perfil Amplificacion exterior,200000,0,0,0,true,2026-02-19T16:42:08.795Z
PROF_MICROFONO_INALAMBRICO_ADICIONAL,Perfil Microfono inalambrico adicional,50000,0,0,0,true,2026-02-19T16:42:08.795Z
PROF_MICROFONO_SOLAPA_ADICIONAL,Perfil Microfono solapa adicional,50000,0,0,0,true,2026-02-19T16:42:08.795Z
PROF_OPERADOR_PARA_AUDIO_8_HRS,Perfil Operador para audio 8 hrs,140000,0,0,0,true,2026-02-19T16:42:08.795Z
PROF_PAPELOGRAFO_ADICIONAL_PARA_EL_SALON,Perfil Papelografo adicional para el salon,30000,0,0,0,true,2026-02-19T16:42:08.795Z
PROF_COFFEE_BASICO,Perfil Coffee Básico,6380,0,0,0,true,2026-02-19T16:42:08.795Z
PROF_COFFEE_INTERMEDIO,Perfil Coffee Intermedio,10395,0,0,0,true,2026-02-19T16:42:08.795Z
PROF_COFFE_FULL,Perfil Coffe Full,16500,0,0,0,true,2026-02-19T16:42:08.795Z
PROF_COFFE_LIGHT,Perfil Coffe Light,10395,0,0,0,true,2026-02-19T16:42:08.795Z
PROF_ADICIONAR_COFFE_DENTRO_DEL_SALON,Perfil Adicionar coffe dentro del Salon,3500,0,0,0,true,2026-02-19T16:42:08.795Z
PROF_MAQUINA_CAFE_MILANO_CON_CARGA_PARA_120_CAFES_APP_AUTOSERVICIO,Perfil Maquina Cafe Milano con carga para 120 cafes app. ( autoservicio),200000,0,0,0,true,2026-02-19T16:42:08.795Z
PROF_1_TAPADITO,Perfil 1 tapadito,2500,0,0,0,true,2026-02-19T16:42:08.795Z
PROF_1_MEDIALUNA,Perfil 1 medialuna,1800,0,0,0,true,2026-02-19T16:42:08.795Z
PROF_GALLETAS_DE_MANTEQUILLA_3_POR_PERSONA,Perfil Galletas de mantequilla  3 por persona,1500,0,0,0,true,2026-02-19T16:42:08.795Z
PROF_CAFE_DE_GRANO_O_TE_EN_SALON_8_HRS,Perfil Cafe de grano o te en salon 8 hrs,7500,0,0,0,true,2026-02-19T16:42:08.795Z
PROF_DISPENSADOR_DE_AGUA_20_LTS_EN_SALON,Perfil Dispensador de agua 20 Lts en salon,60000,0,0,0,true,2026-02-19T16:42:08.795Z
PROF_RECARGA_DE_BIDON_DE_20_LTS_PARA_DISPENSADOR_DE_AGUA,Perfil Recarga de bidon de 20 Lts para dispensador de agua,40000,0,0,0,true,2026-02-19T16:42:08.795Z
PROF_CAFE_DE_GRANO_TE_Y_AGUA_FRIA_CALIENTE_EN_SALON_POR_8_HORAS,"Perfil Cafe de grano, te y agua fria /caliente en salon  por 8 horas.",10000,0,0,0,true,2026-02-19T16:42:08.795Z
PROF_LUCES_PERIMETRALES_SALON_CHINOOK_O_VIP,Perfil Luces perimetrales salon chinook o vip,160000,0,0,0,true,2026-02-19T16:42:08.795Z
PROF_DJ_Y_O_KARAOKE_POR_4_HRS_PARA_GRUPOS_MENORES_50_PAX,Perfil DJ y/o Karaoke por 4 hrs para grupos menores 50 Pax,850000,0,0,0,true,2026-02-19T16:42:08.795Z
PROF_HORA_EXTRA_DJ_Y_O_KARAOKE_POR_4_HRS_PARA_GRUPOS_MENORES_50_PAX,Perfil Hora extra DJ y/o Karaoke por 4 hrs para grupos menores 50 Pax,276250,0,0,0,true,2026-02-19T16:42:08.795Z
PROF_DJ_Y_O_KARAOKE_PARA_GRUPOS_MAYORES_A_50_PAX,Perfil DJ y/o Karaoke para grupos mayores a 50 Pax,1200000,0,0,0,true,2026-02-19T16:42:08.795Z
PROF_HORA_EXTRA_DJ_Y_O_KARAOKE_PARA_GRUPOS_MAYORES_A_50_PAX,Perfil Hora extra DJ y/o Karaoke para grupos mayores a 50 Pax,390000,0,0,0,true,2026-02-19T16:42:08.795Z
PROF_SALON_CHINOOK_CON_FOGATA_HASTA_300_PERSONAS_4_HORAS_NOCHE,"Perfil Salon chinook con fogata, hasta 300 personas, 4 horas noche",500000,0,0,0,true,2026-02-19T16:42:08.795Z
PROF_SALON_CHINOOK_CON_FOGATA_HASTA_300_PERSONAS,"Perfil Salon chinook con fogata, hasta 300 personas",750000,0,0,0,true,2026-02-19T16:42:08.795Z
PROF_COMEDOR_VIP_CON_FOGATA_2_PISO_HASTA_70_PERSONAS_4_HORAS_NOCHE,"Perfil Comedor VIP con fogata, 2 piso hasta 70 personas, 4 horas noche",360000,0,0,0,true,2026-02-19T16:42:08.795Z
PROF_COMEDOR_VIP_CON_FOGATA_2_PISO_HASTA_70_PERSONAS,"Perfil Comedor VIP con fogata, 2 piso hasta 70 personas",540000,0,0,0,true,2026-02-19T16:42:08.795Z
PROF_ESPACIO_DEL_BAR_PARA_KARAOKE_HASTA_50_PERSONAS_POR_4_HRS_NOCHE,"Perfil Espacio del Bar para karaoke, hasta 50 personas por 4 hrs noche",300000,0,0,0,true,2026-02-19T16:42:08.795Z
PROF_DOMO_PARA_FIESTAS_CON_FOGATA_HASTA_250_PERSONAS_4_HORAS_NOCHE,"Perfil Domo para fiestas con fogata, hasta 250 personas, 4 horas noche",600000,0,0,0,true,2026-02-19T16:42:08.795Z
PROF_LOUNGE_EN_TERRAZAS_SILLONES_MESAS_Y_FOGONES_HASTA_50_PAX_VALOR_PERSONA,"Perfil Lounge en terrazas (sillones, mesas y fogones), hasta 50 pax. Valor  persona",0,8000,0,0,true,2026-02-19T16:42:08.795Z
PROF_TICKET_DE_TRAGO,Perfil Ticket de trago,4850,0,0,0,true,2026-02-19T16:42:08.795Z
PROF_TICKET_DE_CERVEZA,Perfil Ticket de cerveza,3529,0,0,0,true,2026-02-19T16:42:08.795Z
PROF_TICKET_DE_TRAGO_VIP,Perfil Ticket de trago Vip,6800,0,0,0,true,2026-02-19T16:42:08.795Z
PROF_BAR_ABIERTO_4_HORAS_VALOR_POR_PERSONA,"Perfil Bar abierto 4 horas, valor por persona",30800,0,0,0,true,2026-02-19T16:42:08.795Z
PROF_HORA_EXTRA_BAR_ABIERTO_POR_PERSONA,Perfil Hora extra Bar abierto por persona,10010,0,0,0,true,2026-02-19T16:42:08.795Z
PROF_BAR_ABIERTO_SIN_ALCOHOL_4_HORAS_VALOR_POR_PERSONA,"Perfil Bar abierto sin alcohol 4 horas, valor por persona",32000,0,0,0,true,2026-02-19T16:42:08.795Z
PROF_HORA_EXTRA_BAR_ABIERTO_SIN_ALCOHOL_POR_PERSONA,Perfil Hora extra Bar abierto sin alcohol por persona,10400,0,0,0,true,2026-02-19T16:42:08.795Z
PROF_BAR_ABIERTO_VIP_4_HORAS_VALOR_POR_PERSONA,"Perfil Bar abierto VIP  4 horas, valor por persona",38000,0,0,0,true,2026-02-19T16:42:08.795Z
PROF_HORA_EXTRA_BAR_ABIERTO_VIP_POR_PERSONA,Perfil Hora extra Bar abierto Vip por persona,12350,0,0,0,true,2026-02-19T16:42:08.795Z
PROF_BAR_ABIERTO_DE_BEBIDAS_EN_VASO_POR_4_HORAS_POR_PERSONA,"Perfil Bar Abierto de bebidas en vaso por 4 horas, por persona",12000,0,0,0,true,2026-02-19T16:42:08.795Z
PROF_BAR_ABIERTO_DE_BEBIDAS_EN_VASO_POR_8_HORAS_POR_PERSONA,"Perfil Bar Abierto de bebidas en vaso por 8 horas, por persona",20000,0,0,0,true,2026-02-19T16:42:08.795Z
PROF_BEBIDAS,Perfil Bebidas,1933,0,0,0,true,2026-02-19T16:42:08.795Z
PROF_TICKET_DE_BEBIDA_O_AGUA,Perfil Ticket de bebida o agua,1933,0,0,0,true,2026-02-19T16:42:08.795Z
PROF_BARRIL_DE_CERVEZA_KUNTSMAN_TOROBAYO_30L,Perfil Barril de cerveza kuntsman torobayo 30L,220000,0,0,0,true,2026-02-19T16:42:08.795Z
PROF_BEBESTIBLES_ADICIONALES_EN_SALON_BEBIDAS_JUGOS_NATURALES_AGUA_MINERAL,"Perfil Bebestibles adicionales en Salón (Bebidas, Jugos Naturales, Agua Mineral)",0,0,0,0,true,2026-02-19T16:42:08.795Z
PROF_VINO_CASTILLO_MOLINA,Perfil Vino Castillo Molina,13025,0,0,0,true,2026-02-19T16:42:08.795Z
PROF_VINO_CASILLERO_DEL_DIABLO_RESERVA_ESPECIAL,Perfil Vino Casillero del diablo Reserva Especial,13445,0,0,0,true,2026-02-19T16:42:08.795Z
PROF_VINO_MARQUES_CASA_CONCHA,Perfil Vino Marques Casa Concha,20168,0,0,0,true,2026-02-19T16:42:08.795Z
PROF_CAMBIO_DE_HORARIO_DEL_DESAYUNO_1_HORA_MINIMO_30_PERSONAS,"Perfil Cambio de horario del desayuno 1 hora, minimo 30 personas",6500,0,0,0,true,2026-02-19T16:42:08.795Z
PROF_CAMBIO_DE_HORARIO_DEL_DESAYUNO_POR_MEDIA_HORA_MINIMO_30_PERSONAS,"Perfil Cambio de horario del desayuno por media hora , minimo 30 personas",4000,0,0,0,true,2026-02-19T16:42:08.795Z
PROF_CAMBIO_DE_HORARIO_DE_ALMUERZO_POR_MEDIA_HORA_MINIMO_30_PERSONAS,"Perfil Cambio de horario de almuerzo por media hora, minimo 30 personas",6500,0,0,0,true,2026-02-19T16:42:08.795Z
PROF_EXTENSION_MEDIA_HORA_HORARIO_DE_CENA,Perfil Extension media hora horario de cena,8000,0,0,0,true,2026-02-19T16:42:08.795Z
PROF_CAMBIO_DE_LUGAR_DE_SERVICIO_DE_ALIMENTACION,Perfil Cambio de lugar de servicio de alimentacion,10000,0,0,0,true,2026-02-19T16:42:08.795Z
PROF_DESAYUNO,Perfil Desayuno,12500,0,0,0,true,2026-02-19T16:42:08.795Z
PROF_DESAYUNO_INCLUIDO_POR_ALOJAMIENTO,Perfil Desayuno incluido por alojamiento,0,0,0,0,true,2026-02-19T16:42:08.795Z
PROF_ALMUERZO_SUGERENCIAS_DEL_CHEF_EN_FORMATO_BUFFET_MAS_DE_30_PASAJEROS_MENOS_DE_30_ES_CARTA,"Perfil Almuerzo Sugerencias del chef  en formato Buffet, mas de 30 pasajeros. Menos de 30 es carta",27311,0,0,0,true,2026-02-19T16:42:08.795Z
PROF_CENA_SUGERENCIAS_DEL_CHEF_EN_FORMATO_BUFFET_MAS_DE_30_PASAJEROS_MENOS_DE_30_ES_CARTA,"Perfil Cena Sugerencias del chef  en formato Buffet, mas de 30 pasajeros. Menos de 30 es carta",27311,0,0,0,true,2026-02-19T16:42:08.795Z
PROF_ALMUERZO_O_CENA_A_LA_CARTA,Perfil Almuerzo o cena a la carta,35000,0,0,0,true,2026-02-19T16:42:08.795Z
PROF_ALMUERZO_O_CENA_A_LA_CARTA_VIP,Perfil Almuerzo o cena a la carta VIP,45000,0,0,0,true,2026-02-19T16:42:08.795Z
PROF_CENA_O_ALMUERZO_PARRILLA_30_O_MAS_PAX,"Perfil Cena o Almuerzo parrilla, 30 o mas  pax",35000,0,0,0,true,2026-02-19T16:42:08.795Z
PROF_CENA_O_ALMUERZO_PARRILLA_MENOS_DE_30_PAX,"Perfil Cena o Almuerzo parrilla, menos de 30 pax",45000,0,0,0,true,2026-02-19T16:42:08.795Z
PROF_ONCE,Perfil Once,9800,0,0,0,true,2026-02-19T16:42:08.795Z
PROF_BOX_LUNCH_COMO_UNA_ONCE_EN_CAJITAS_INDIVIDUALES_PARA_QUE_SE_LA_PUEDAN_LLEVAR,Perfil Box lunch (Como una Once en cajitas individuales para que se la puedan llevar),12000,0,0,0,true,2026-02-19T16:42:08.795Z
PROF_CATA_DE_VINOS_CON_SOMELIER_MINIMO_10_PERSONAS_Y_HASTA_40_DURACION_1_HORA,"Perfil Cata de vinos con somelier, minimo 10 personas y hasta 40.  Duración 1 hora",300000,24000,0,0,true,2026-02-19T16:42:08.795Z
PROF_PICOTEO_PARRILLANDO_CON_AMIGOS_MINIMO_20_PERSONAS,Perfil Picoteo parrillando con amigos: minimo 20 personas,400000,20000,0,0,true,2026-02-19T16:42:08.795Z
PROF_APERITIVO_TEMATICO_JUGANDO_EN_LA_BARRA_MINIMO_20_PERSONAS_MAXIMO_1_5_HORAS,"Perfil Aperitivo tematico: Jugando en la barra, minimo 20 personas. Maximo 1,5 horas",400000,20000,0,0,true,2026-02-19T16:42:08.795Z
PROF_TABLA_DE_QUESO_6_PAX,Perfil Tabla de Queso 6 Pax,30000,0,0,0,true,2026-02-19T16:42:08.795Z
PROF_TABLA_FIAMBRES_6_PAX,Perfil Tabla Fiambres 6 Pax,30000,0,0,0,true,2026-02-19T16:42:08.795Z
PROF_TABLA_MIXTA_QUESOS_Y_FIAMBRES_6_PAX,Perfil Tabla Mixta Quesos y Fiambres 6 pax,30000,0,0,0,true,2026-02-19T16:42:08.795Z
PROF_TABLA_MIX_TAPADITOS_QUICHES_Y_MINI_EMPANADAS_6_PAX,"Perfil Tabla Mix Tapaditos, Quiches y Mini Empanadas 6 pax",60000,0,0,0,true,2026-02-19T16:42:08.795Z
PROF_TABLA_VEGANA_6_PAX,Perfil Tabla vegana 6 pax,60000,0,0,0,true,2026-02-19T16:42:08.795Z
PROF_COCTAIL_BASICO_MINIMO_15_PASAJEROS,"Perfil Coctail basico, minimo 15 pasajeros.",13200,0,0,0,true,2026-02-19T16:42:08.795Z
PROF_COCTAIL_CHILENO_MINIMO_15_PASAJEROS,"Perfil Coctail chileno, minimo 15 pasajeros.",15000,0,0,0,true,2026-02-19T16:42:08.795Z
PROF_CORDERO_A_LA_ESPADA_CORDERO_CON_PAN_AMASADO_Y_SALSAS_PARA_20_PAX,Perfil Cordero a la espada (Cordero con pan amasado y salsas para 20 pax),380000,0,0,0,true,2026-02-19T16:42:08.795Z
PROF_PIERNA_DE_CERDO_16_HRS_AL_HORNO_CON_AMASADO_Y_3_SALSAS_PARA_PICOTEO,"Perfil Pierna de cerdo 16 hrs al horno, con amasado y 3 salsas para picoteo",380000,0,0,0,true,2026-02-19T16:42:08.795Z
PROF_EMPANADAS_COCTEL_PINO_QUESO_Y_NAPOLITANA,"Perfil Empanadas coctel( pino, queso y napolitana)",1000,0,0,0,true,2026-02-19T16:42:08.795Z
PROF_SERVICIO_DE_TRASNOCHE_CONSOME_250CC_CON_2_TAPADITOS,Perfil Servicio de trasnoche Consome 250cc con 2 tapaditos,50000,10000,0,0,true,2026-02-19T16:42:08.795Z
PROF_PUNTO_DE_HIDRATACION,Perfil Punto de hidratación,6000,0,0,0,true,2026-02-19T16:42:08.795Z
PROF_1_FRUTA_DE_ESTACION,Perfil 1 fruta de estación,1500,0,0,0,true,2026-02-19T16:42:08.795Z
PROF_1_BARRA_DE_CEREAL,Perfil 1 barra de cereal,1500,0,0,0,true,2026-02-19T16:42:08.795Z
PROF_TORTA_CHOCOLATE_16_PAX,Perfil Torta Chocolate 16 pax,53000,0,0,0,true,2026-02-19T16:42:08.795Z
PROF_TORTA_CARROTCAKE_14_PAX,Perfil Torta Carrotcake 14 pax,53000,0,0,0,true,2026-02-19T16:42:08.795Z
PROF_CHEESECAKE_DE_OREO_14_PAX,Perfil Cheesecake de Oreo 14 pax,53000,0,0,0,true,2026-02-19T16:42:08.795Z
PROF_TORTA_SAN_FRANCISCO_MANJAR_NUEZ_15_PAX,Perfil Torta San Francisco manjar nuez 15 pax,53000,0,0,0,true,2026-02-19T16:42:08.795Z
PROF_TROZO_DE_TORTA_DE_CHOCOLATE_ESTACION_CAFE_O_TE_EN_COMEDOR,Perfil Trozo de torta de Chocolate + estacion cafe o té en comedor,7983,0,0,0,true,2026-02-19T16:42:08.795Z
PROF_TROZO_DE_TORTA_CARROT_CAKE_ESTACION_CAFE_O_TE_EN_COMEDOR,Perfil Trozo de torta Carrot Cake + estacion cafe o té en comedor,7983,0,0,0,true,2026-02-19T16:42:08.795Z
PROF_TROZO_DE_CHEESE_CAKE_OREO_ESTACION_CAFE_O_TE_EN_COMEDOR,Perfil Trozo de Cheese Cake Oreo + estacion cafe o té en comedor,7983,0,0,0,true,2026-02-19T16:42:08.795Z
PROF_MASAJISTA_EXCLUSIVA_PARA_MASAJES_RELAX_30_MINUTOS,"Perfil Masajista exclusiva, para masajes relax 30 minutos",300000,0,0,0,true,2026-02-19T16:42:08.795Z
PROF_MASAJES_DE_RELAJACION_DE_MEDIA_HORA,Perfil Masajes de relajacion de media hora,25210,0,0,0,true,2026-02-19T16:42:08.795Z
PROF_GORROS_DE_PISCINAS_LYCRA,Perfil Gorros de piscinas  lycra,3782,0,0,0,true,2026-02-19T16:42:08.795Z
PROF_GORROS_DE_PISCINAS_LATEX,Perfil Gorros de piscinas  latex,2101,0,0,0,true,2026-02-19T16:42:08.795Z
PROF_PISCINA_TEMPERADA_NOCTURNA_EXCLUSIVA_HASTA_2_HORAS,Perfil Piscina temperada nocturna exclusiva hasta 2 horas,250000,0,0,0,true,2026-02-19T16:42:08.795Z
PROF_HABITACION_SINGLE_HOTEL_B_B,Perfil Habitación single hotel B&B,120630,0,0,0,true,2026-02-19T16:42:08.795Z
PROF_HABITACION_DOBLE_HOTEL_B_B,Perfil Habitación Doble hotel B&B,189219,0,0,0,true,2026-02-19T16:42:08.795Z
PROF_HABITACION_TRIPLE_HOTEL_B_B,Perfil Habitación Triple hotel B&B,239712,0,0,0,true,2026-02-19T16:42:08.795Z
PROF_HABITACION_CUADRUPLE_HOTEL_B_B,Perfil Habitación Cuadruple hotel  B&B,290206,0,0,0,true,2026-02-19T16:42:08.795Z
PROF_HABITACION_QUINTUPLE_HOTEL_B_B,Perfil Habitación Quintuple hotel B&B,342097,0,0,0,true,2026-02-19T16:42:08.795Z
PROF_VALOR_6_PASAJEROS_EN_CABANA_B_B,"Perfil Valor 6 pasajeros, en cabaña B&B",393987,0,0,0,true,2026-02-19T16:42:08.795Z
PROF_VALOR_7_PASAJEROS_EN_CABANA_B_B,"Perfil Valor 7 pasajeros, en cabaña B&B",445870,0,0,0,true,2026-02-19T16:42:08.795Z
PROF_VALOR_8_PASAJEROS_EN_CABANA_B_B,"Perfil Valor 8 pasajeros, en cabaña B&B",497769,0,0,0,true,2026-02-19T16:42:08.795Z
PROF_VALOR_PAX_ADICIONAL_EN_LA_MISMA_HABITACION,Perfil Valor Pax adicional en la misma habitacion,43908,0,0,0,true,2026-02-19T16:42:08.795Z
PROF_EARLY_CHECK_IN_POR_HABITACION_DE_HOTEL,"Perfil Early check in, por habitacion de hotel",29412,0,0,0,true,2026-02-19T16:42:08.795Z
PROF_LATE_CHECK_OUT_POR_HABITACION_DE_HOTEL,"Perfil Late check out, por habitacion de hotel",29412,0,0,0,true,2026-02-19T16:42:08.795Z
PROF_EARLY_CHECK_IN_POR_CABANA,"Perfil Early check in, por cabaña",46218,0,0,0,true,2026-02-19T16:42:08.795Z
PROF_LATE_CHECK_OUT_POR_CABANA,"Perfil Late check out, por cabaña",46218,0,0,0,true,2026-02-19T16:42:08.795Z
PROF_TRASLADO_DE_MALETAS_ENTREGA_Y_RETIRO_FUERA_DE_LAS_HABITACIONES_VALOR_POR_PERSONA,"Perfil Traslado de maletas, entrega y retiro fuera de las habitaciones, valor por persona",5000,0,0,0,true,2026-02-19T16:42:08.795Z
PROF_PRODUCTOS_O_REGALOS_EN_LAS_HABITACIONES_VALOR_POR_PERSONA,"Perfil Productos o regalos en las habitaciones, valor por persona",2000,0,0,0,true,2026-02-19T16:42:08.795Z
PROF_1_RAMO_DE_FLORES_6_ROSAS_ROJAS_BLANCAS_ROSADAS_AMARILLA,"Perfil 1 Ramo de flores, 6 rosas, rojas, blancas, rosadas, amarilla",50000,0,0,0,true,2026-02-19T16:42:08.795Z
PROF_1_CHOCOLATE_SAHNE_NUSS_250G_ESPUMANTE_O_BOTELLA_DE_VINO,Perfil 1 Chocolate Sahne Nuss 250g + espumante o botella de vino,25000,0,0,0,true,2026-02-19T16:42:08.795Z
PROF_RESMA_DE_HOJAS,Perfil Resma de Hojas,12000,0,0,0,true,2026-02-19T16:42:08.795Z
PROF_LAPICES_AZUL_PASTA,Perfil Lapices azul Pasta,1000,0,0,0,true,2026-02-19T16:42:08.795Z
PROF_CORRECTOR_LAPIZ,Perfil Corrector lapiz,3500,0,0,0,true,2026-02-19T16:42:08.795Z
PROF_PLUMONES_PERMANENTE,Perfil Plumones permanente,1000,0,0,0,true,2026-02-19T16:42:08.795Z
PROF_PLUMONES_DE_PIZARRA,Perfil Plumones de pizarra,800,0,0,0,true,2026-02-19T16:42:08.795Z
PROF_FOTOCOPIAS_O_IMPRESION_COLOR,Perfil Fotocopias o impresion color,600,0,0,0,true,2026-02-19T16:42:08.795Z
PROF_FOTOCOPIAS_O_IMPRESION_NEGRO,Perfil Fotocopias o impresion negro,300,0,0,0,true,2026-02-19T16:42:08.795Z
PROF_ALMUERZOS_PRODUCTORAS_O_CHOFERES_EN_BUFFET,Perfil Almuerzos productoras o choferes en buffet,16387,0,0,0,true,2026-02-19T16:42:08.795Z
PROF_GUIAS_EXCLUSIVOS_PARA_CAMINATAS,Perfil Guias exclusivos para caminatas,80000,0,0,0,true,2026-02-19T16:42:08.795Z
PROF_CAMINATA_LA_TENCA_DE_FORMA_EXCLUSIVA_1_5_HORAS,"Perfil Caminata ""la tenca"" de forma exclusiva, 1,5 horas",300000,10000,0,0,true,2026-02-19T16:42:08.795Z
PROF_CAMINATA_AL_MIRADOR_EXCLUSIVA_DIFICULTAD_MEDIA_DURACION_1_HORA,"Perfil Caminata al mirador exclusiva.  Dificultad media, duracion: 1 hora",300000,10000,0,0,true,2026-02-19T16:42:08.795Z
PROF_FOGON_PEQUENO_FOGATA_PEQUENA,Perfil Fogon pequeño (Fogata pequeña),100000,0,0,0,true,2026-02-19T16:42:08.795Z
PROF_FOGATA_GRANDE,Perfil Fogata grande,250000,0,0,0,true,2026-02-19T16:42:08.795Z
PROF_CLASE_DE_PESCA_CON_MOSCA_3_HORAS_9_AM_A_12PM,Perfil Clase de pesca con mosca 3 horas(9 am a 12pm),63025,0,0,0,true,2026-02-19T16:42:08.795Z
PROF_ARRIENDO_DE_CANA,Perfil Arriendo de Caña,12605,0,0,0,true,2026-02-19T16:42:08.795Z
PROF_PASEOS_A_CABALLO_EXCLUSIVOS_MINIMO_4_PASAJEROS_DURACION_3_4_HORAS_MAXIMO_20_PERSONAS,"Perfil Paseos a Caballo exclusivos, minimo 4 pasajeros, duracion 3-4 horas. Maximo 20 personas",42017,0,0,0,true,2026-02-19T16:42:08.795Z
PROF_PASEO_A_CABALLO_VERTIENTE_DEL_TORO,Perfil Paseo a caballo Vertiente del toro,109000,0,0,0,true,2026-02-19T16:42:08.795Z
PROF_PASEO_A_CABALLO_ALTOS_DEL_GUINDO,Perfil Paseo a caballo Altos del Guindo,119000,0,0,0,true,2026-02-19T16:42:08.795Z
PROF_USO_DE_ACTIVIDADES,Perfil Uso de actividades,21,0,0,0,true,2026-02-19T16:42:08.795Z
PROF_USO_DE_ACTIVIDADES_POR_CORTESIA,Perfil Uso de actividades por cortesía,0,0,0,0,true,2026-02-19T16:42:08.795Z
PROF_YOGA,Perfil Yoga,300000,10000,0,0,true,2026-02-19T16:42:08.795Z
PROF_PAINTBALL,Perfil Paintball,1000000,35000,0,0,true,2026-02-19T16:42:08.795Z
PROF_BUSQUEDA_DE_TESORO,Perfil Busqueda de tesoro,500000,15000,0,0,true,2026-02-19T16:42:08.795Z
PROF_ACTIVIDAD_DE_LA_LUZ,Perfil Actividad de la luz,500000,15000,0,0,true,2026-02-19T16:42:08.795Z
PROF_ALIANZAS,Perfil Alianzas,500000,15000,0,0,true,2026-02-19T16:42:08.795Z
PROF_EL_HERIDO,Perfil El herido,500000,15000,0,0,true,2026-02-19T16:42:08.795Z
PROF_EL_NAUFRAGO,Perfil El Naufrago,1000000,20000,0,0,true,2026-02-19T16:42:08.795Z
PROF_EL_NAUFRAGO_FULL,Perfil El Naufrago Full,1000000,35000,0,0,true,2026-02-19T16:42:08.795Z
PROF_CONQUISTANDO_LA_CUMBRE,Perfil Conquistando la Cumbre,500000,15000,0,0,true,2026-02-19T16:42:08.795Z
PROF_TIRO_CON_ARCO,Perfil Tiro con Arco,660000,10000,0,0,true,2026-02-19T16:42:08.795Z
PROF_MISION_Y_VISION,Perfil Mision y Vision,500000,15000,0,0,true,2026-02-19T16:42:08.795Z
PROF_FABRICA_DE_SAL,Perfil Fabrica de sal,500000,15000,0,0,true,2026-02-19T16:42:08.795Z
PROF_LA_PIZZA_NOSTRA_PER_TUTTI,Perfil La Pizza Nostra Per Tutti,575000,55000,0,0,true,2026-02-19T16:42:08.795Z
PROF_LA_PIZZA_NOSTRA,Perfil La Pizza Nostra,575000,30000,0,0,true,2026-02-19T16:42:08.795Z
PROF_THE_BOSS_GRILL,Perfil The Boss Grill,400000,55000,0,0,true,2026-02-19T16:42:08.795Z
PROF_COCINANDO_EQUIPOS,Perfil Cocinando Equipos,750000,55000,0,0,true,2026-02-19T16:42:08.795Z
PROF_FORMANDO_UN_JINETE,Perfil Formando un Jinete,0,0,0,0,true,2026-02-19T16:42:08.795Z
PROF_MASTER_CHEF_CORPORATIVO,Perfil Master Chef Corporativo,750000,30000,0,0,true,2026-02-19T16:42:08.795Z
PROF_DE_LA_MASA_AL_PLATO,Perfil De La Masa Al Plato,500000,55000,0,0,true,2026-02-19T16:42:08.795Z
PROF_PARRILLADA_EN_EQUIPO,Perfil Parrillada en Equipo,500000,65000,0,0,true,2026-02-19T16:42:08.795Z
PROF_TALLER_DE_PIZZA_Y_BIRRA,Perfil Taller de Pizza y Birra,0,0,0,0,true,2026-02-19T16:42:08.795Z
PROF_KARAOKE_CON_COPAS_Y_TAPAS,Perfil Karaoke con copas y tapas,650000,46800,0,0,true,2026-02-19T16:42:08.795Z
PROF_TALLER_DE_BRASAS_Y_TINTO_SABORES_AL_FUEGO,Perfil Taller de Brasas y Tinto: Sabores al Fuego!,0,0,0,0,true,2026-02-19T16:42:08.795Z
PROF_CORDEROS_VINOS,Perfil Corderos & Vinos,500000,50000,0,0,true,2026-02-19T16:42:08.795Z
PROF_SAFARI_ECUESTRE,Perfil Safari Ecuestre,0,0,0,0,true,2026-02-19T16:42:08.795Z
PROF_TREKKING_AL_MIRADOR,Perfil Trekking al mirador,0,0,0,0,true,2026-02-19T16:42:08.795Z
PROF_CATA_DE_VINOS,Perfil Cata de Vinos,300000,24000,0,0,true,2026-02-19T16:42:08.795Z
PROF_LOS_NEUMATICOS,Perfil Los Neumaticos,150000,3000,0,0,true,2026-02-19T16:42:08.795Z
PROF_TOTEM,Perfil Totem,150000,3000,0,0,true,2026-02-19T16:42:08.795Z
PROF_LA_ESTRELLA,Perfil La estrella,150000,3000,0,0,true,2026-02-19T16:42:08.795Z
PROF_TIRAR_LA_CUERDA,Perfil Tirar la cuerda,150000,3000,0,0,true,2026-02-19T16:42:08.795Z
PROF_EL_EQUILIBRIO,Perfil El equilibrio,150000,3000,0,0,true,2026-02-19T16:42:08.795Z
PROF_EL_ENREDO,Perfil El Enredo,150000,3000,0,0,true,2026-02-19T16:42:08.795Z
PROF_BAILE_ENTRETENIDO,Perfil Baile Entretenido,150000,3000,0,0,true,2026-02-19T16:42:08.795Z
PROF_GIMNASIA_DE_PAUSA,Perfil Gimnasia de Pausa,150000,3000,0,0,true,2026-02-19T16:42:08.795Z
PROF_YOGA_2,Perfil Yoga,150000,3000,0,0,true,2026-02-19T16:42:08.795Z
PROF_LA_BOLITA,Perfil La Bolita,150000,3000,0,0,true,2026-02-19T16:42:08.795Z
PROF_ULA_ULA,Perfil Ula Ula,150000,3000,0,0,true,2026-02-19T16:42:08.795Z
PROF_CARRERA_DE_SACOS,Perfil Carrera de Sacos,150000,3000,0,0,true,2026-02-19T16:42:08.795Z
PROF_BOB_ESPONJA,Perfil Bob Esponja,150000,3000,0,0,true,2026-02-19T16:42:08.795Z
